Feature,Importance
ch1_mgd_band_39_std,0.04014805364104843
ch0_mgd_band_39_std,0.03139417223011278
ch0_mgd_band_38_std,0.025640289603480436
ch1_rms,0.021650518315661137
ch1_cqcc_1_kurtosis,0.020842704572514067
ch1_mgd_band_38_std,0.018406503100220562
ch0_mag_band_39_mean,0.017574975152380722
ch1_cqcc_1_skew,0.0164615095407835
ch1_mag_band_39_mean,0.0164579583960642
ch0_cqcc_1_kurtosis,0.015412343620261339
ch0_cqcc_1_skew,0.014507978143790288
ch1_dr,0.013331647942446023
ch0_mgd_band_32_mean,0.011562488649680687
ch1_real_band_11_std,0.009884866792333333
ch1_mag_band_39_skew,0.008985534324894668
ch1_mgd_band_33_mean,0.008883492010437302
ch0_real_band_0_mean,0.008798201764088652
ch1_mgd_band_28_mean,0.00867738112397527
ch1_mgd_band_30_mean,0.008640254637882566
ch1_imag_band_8_std,0.008114555291863902
ch0_mag_band_39_skew,0.008034338745025757
ch1_imag_band_39_kurtosis,0.007772361989447629
ch0_real_band_39_std,0.007438432249662915
ch1_mgd_band_29_mean,0.007404038737310218
ch0_real_band_39_kurtosis,0.0072310259509286556
ch1_imag_band_13_std,0.006460733333984006
ch0_imag_band_39_kurtosis,0.006080191581485159
ch1_real_band_39_kurtosis,0.006047476452045135
ch1_mgd_band_32_mean,0.005694329460434872
ch0_phase_band_0_kurtosis,0.005551393472227339
ch1_mag_band_39_kurtosis,0.00524880681991327
ch0_phase_band_0_std,0.005220503284905661
ch0_rms,0.0050204537222398185
ch1_real_band_10_std,0.004773841049542896
ch0_imag_band_6_std,0.004744480205792089
ch1_real_band_9_std,0.004649426667707376
ch1_mag_band_14_mean,0.004603122284751292
ch1_mag_band_15_mean,0.004597109555665922
ch0_real_band_11_std,0.0045272729917055715
ch1_real_band_13_std,0.004521267269625297
ch1_mag_band_12_std,0.004498420516929447
ch1_mag_band_6_std,0.004401731632596098
ch1_mag_band_39_std,0.00437414156106327
ch1_imag_band_14_std,0.004339774135002272
ch1_mgd_band_37_std,0.004261045562981665
ch0_mag_band_39_kurtosis,0.004210293109667206
ch0_imag_band_39_std,0.004210101269516477
ch1_imag_band_39_std,0.003963323728801331
ch0_mgd_band_30_mean,0.003957820961800463
ch1_imag_band_9_std,0.00393654998869169
ch0_cqcc_2_kurtosis,0.003935706115006023
ch0_mgd_band_37_std,0.003838499674515595
ch0_mag_band_33_std,0.0037939680593926054
ch1_mag_band_12_mean,0.003721982862669686
ch1_mgd_band_38_mean,0.0036250058195220224
ch1_mag_band_11_std,0.0035103117776892775
ch1_imag_band_11_std,0.003491916188589198
ch1_mag_band_13_mean,0.0034362529884977232
ch1_real_band_39_std,0.003422792335328789
ch1_mag_band_10_std,0.003369418111870137
ch0_mag_band_39_std,0.0033118272429506616
ch0_mag_band_4_std,0.0032767569563634446
ch0_imag_band_12_std,0.003242097136463632
ch0_imag_band_38_kurtosis,0.003114097929813472
ch0_real_band_12_std,0.003092973090446695
ch0_real_band_6_std,0.0030811099750622534
ch0_dr,0.003028966346025863
ch1_imag_band_10_std,0.0030051914179998864
ch1_mag_band_31_std,0.0030021510535893497
ch0_mgd_band_38_mean,0.002916956601020297
ch0_mgd_band_28_mean,0.0029022189062637904
ch1_mag_band_20_mean,0.0028783399227944777
ch0_real_band_8_std,0.0027933089162091368
ch0_mgd_band_35_mean,0.0027351866501777126
ch0_mag_band_36_std,0.00271405091302756
ch0_mag_band_35_std,0.002662481962769148
ch0_mag_band_6_mean,0.0026435132512265262
ch1_mag_band_19_skew,0.002601584741301819
ch1_real_band_0_mean,0.002594523856491976
ch1_mag_band_35_std,0.0025246554516617985
ch1_mag_band_4_std,0.0025224484749105046
ch1_cqcc_2_kurtosis,0.00249906129874476
ch0_mgd_band_36_mean,0.0024954292841474226
ch1_real_band_17_std,0.002488779260622328
ch0_real_band_36_std,0.0024773615404077953
ch0_mag_band_38_std,0.002435616779359785
ch1_real_band_14_std,0.002370343331266537
ch1_real_band_8_std,0.002321427036955064
ch0_imag_band_34_std,0.0023052317183232503
ch1_mag_band_9_std,0.0022379140346209902
ch0_real_band_13_std,0.002205864412601749
ch1_mgd_band_34_mean,0.0021917553388104125
ch1_mag_band_8_std,0.002182699191069644
ch1_mag_band_19_mean,0.0021679855179453115
ch1_lfcc_0_mean,0.0021532084451404898
ch1_mag_band_34_std,0.0021449265579553726
ch0_mag_band_8_std,0.0020582688779690397
ch0_mgd_band_39_mean,0.0020342418634283536
ch1_mgd_band_35_std,0.0020320141230709713
ch1_real_band_38_std,0.0020317319062382617
ch1_mag_band_8_mean,0.0019846131546401493
ch0_mag_band_38_skew,0.0019792936747077216
ch1_mag_band_13_std,0.0019537235931597605
ch1_mag_band_11_mean,0.001953513575488089
ch0_mgd_band_33_mean,0.0019372367819065748
ch1_mag_band_17_mean,0.001928810752440441
ch0_mgd_band_36_std,0.0019220840380668152
ch1_mgd_band_39_mean,0.0019157935364516343
ch1_mag_band_38_std,0.0019067551125339372
ch1_real_band_12_std,0.001886450247764833
ch0_phase_band_39_kurtosis,0.0018805352757995477
ch1_mag_band_10_mean,0.0018741577446207813
ch1_imag_band_38_kurtosis,0.0017997152335708984
ch0_real_band_38_std,0.0017938189070585168
ch0_imag_band_4_std,0.001775432861426652
ch0_mgd_band_24_mean,0.0017491836659390425
ch1_mag_band_32_std,0.001742170864209111
ch0_mag_band_12_std,0.0017355956374932304
ch1_mag_band_38_skew,0.0017347029499541452
ch1_mgd_band_36_std,0.001688098242940087
ch1_mgd_band_24_mean,0.001674263191826518
ch0_mag_band_10_std,0.001663074846538643
ch0_cqcc_16_std,0.0016536082067355959
ch0_real_band_14_std,0.001642709832007034
ch0_real_band_10_std,0.0016368744708332974
ch1_imag_band_6_std,0.0016110438709583414
ch0_mag_band_34_mean,0.001608884730496886
ch0_real_band_34_std,0.0015869425630098914
ch1_mag_band_28_std,0.001583860824530715
ch1_imag_band_12_std,0.0015616758630688935
ch1_mag_band_38_kurtosis,0.0015613319803692682
ch0_imag_band_8_std,0.0015588230308945408
ch1_imag_band_18_std,0.0015444240251908498
ch0_real_band_9_std,0.0015024677992243425
ch0_mag_band_9_std,0.0014807578097545254
ch0_mag_band_34_std,0.001462172901064009
ch1_real_band_20_std,0.0014519671905179677
ch0_real_band_38_kurtosis,0.001445973761710792
ch1_imag_band_38_std,0.0014263249942648092
ch1_imag_band_15_std,0.0014260142178265337
ch1_imag_band_30_std,0.0014203717985301594
ch0_mag_band_15_mean,0.0014186816208793022
ch1_real_band_18_std,0.001401040209578194
ch1_mgd_band_34_std,0.0013885066737764835
ch1_mag_band_16_mean,0.001381752012829098
ch1_imag_band_19_std,0.0013801071460894513
ch1_phase_band_0_std,0.0013621772050473784
ch0_cqcc_13_std,0.0013538291814676094
ch0_imag_band_33_std,0.0013520901566628225
ch0_imag_band_35_std,0.0013367991268415352
ch1_mag_band_18_mean,0.0013246220062573134
ch0_mag_band_37_std,0.0013241093792444813
ch0_mag_band_8_mean,0.0013138128588392444
ch0_imag_band_9_std,0.0013053853430033521
ch0_mag_band_14_std,0.0012788129689145621
ch0_imag_band_38_std,0.0012745454824178446
ch0_mag_band_17_mean,0.0012581365491359591
ch0_mag_band_6_std,0.0012376036627745352
ch1_cqcc_2_skew,0.0012322359992908137
ch1_real_band_6_std,0.0012168452779688249
ch0_mgd_band_39_kurtosis,0.0012051903505380988
ch0_real_band_15_std,0.001201826648392092
ch0_real_band_33_std,0.0011697724016682422
ch1_mgd_band_39_kurtosis,0.0011582538359113375
ch1_mag_band_29_std,0.0011469762706699698
ch0_real_band_4_std,0.0011428523875899345
ch1_real_band_35_std,0.0011410217913215294
ch1_lfcc_0_skew,0.0011177629794821662
ch1_mag_band_36_std,0.0010962250502878658
ch1_real_band_28_std,0.0010738013730492992
ch0_mag_band_38_mean,0.0010732326215861221
ch1_phase_band_39_kurtosis,0.0010717546017011653
ch1_mgd_band_32_std,0.0010680521336448399
ch1_mgd_band_33_std,0.0010632838379112538
ch0_mag_band_32_std,0.0010408002572253325
ch0_mgd_band_34_std,0.0010342708467694695
ch0_mag_band_4_mean,0.001025708186391246
ch1_mag_band_30_std,0.0010113395769096338
ch1_mag_band_38_mean,0.0010063300564619989
ch1_mag_band_36_mean,0.0009963706627145461
ch1_real_band_37_std,0.0009806661444849581
ch1_mag_band_24_mean,0.0009453245684759275
ch0_imag_band_16_std,0.0009415968677153111
ch0_cqcc_12_std,0.0009308303464882098
ch1_mgd_band_35_mean,0.0009219437488689365
ch1_cqcc_16_std,0.0009134488425378229
ch1_mag_band_37_std,0.0009109239573509292
ch1_real_band_17_kurtosis,0.0008853865954249174
ch1_mag_band_4_mean,0.0008851277496524982
ch0_lfcc_0_skew,0.0008820722923893434
ch1_phase_band_0_kurtosis,0.0008772018550878561
ch0_mag_band_13_mean,0.0008662550289886852
ch1_real_band_38_kurtosis,0.0008390711696741243
ch1_mgd_band_36_mean,0.0008354463855198189
ch1_cqcc_12_std,0.0008298021658576219
ch1_cqcc_0_std,0.0008290705244216269
ch0_mag_band_31_std,0.0008234573774847088
ch1_mag_band_32_skew,0.0008160354606815222
ch1_cqcc_14_std,0.000809337411251727
ch0_cqcc_2_skew,0.0008091326421927905
ch0_mgd_band_34_mean,0.0008011135152414116
ch1_cqcc_15_std,0.000799401484135247
ch0_imag_band_36_std,0.0007981716028365211
ch0_mag_band_37_mean,0.0007975092455934249
ch0_mag_band_31_kurtosis,0.000795732957009924
ch0_mgd_band_35_std,0.0007931466953846862
ch0_real_band_32_std,0.0007795855715541194
ch0_mag_band_32_kurtosis,0.0007746009894984345
ch1_mag_band_34_mean,0.0007648416000063916
ch1_mgd_band_31_mean,0.0007612116461888428
ch0_real_band_37_std,0.0007560889795552395
ch1_real_band_4_std,0.0007356177040107589
ch1_cqcc_13_std,0.0007325231459236895
ch0_mgd_band_29_mean,0.0007318928051746749
ch1_mfcc_5_std,0.0007221976702690446
ch0_cqcc_15_std,0.00070585473058199
ch1_imag_band_35_std,0.0007011109368706369
ch0_cqcc_11_std,0.0007000553706976414
ch1_mag_band_18_skew,0.0006947414734358788
ch0_lfcc_2_mean,0.000686042744425968
ch0_cqcc_14_std,0.0006710209693554708
ch1_cqcc_6_std,0.0006707718290808572
ch1_real_band_36_std,0.0006701657886930413
ch1_mag_band_17_kurtosis,0.0006685751587719399
ch1_mfcc_1_skew,0.0006643505817128302
ch0_mfcc_4_std,0.0006604408219828143
ch0_mag_band_33_mean,0.0006591728989086547
ch0_mgd_band_30_std,0.0006587732267753872
ch1_mgd_band_31_std,0.0006540325973835449
ch0_imag_band_10_std,0.0006489160533352066
ch0_mag_band_28_std,0.0006375892578701146
ch0_mag_band_36_skew,0.0006205295312721214
ch1_cqcc_11_std,0.0006157471642267542
ch1_imag_band_33_kurtosis,0.0006099129911400112
ch1_mag_band_14_std,0.0006076470159836617
ch1_imag_band_36_kurtosis,0.0006015342965071388
ch0_mag_band_14_mean,0.0005990472828155532
ch1_cqcc_0_kurtosis,0.0005965249442989436
ch0_real_band_34_kurtosis,0.0005931558826798398
ch0_mag_band_38_kurtosis,0.0005897691670035489
ch1_real_band_19_kurtosis,0.0005781935555934057
ch0_mgd_band_33_std,0.0005678267175973355
ch0_mag_band_36_kurtosis,0.0005624252794427626
ch1_cqcc_17_std,0.0005617889397900017
ch0_real_band_36_kurtosis,0.0005589437720526682
ch0_mag_band_34_skew,0.0005575568794645635
ch1_real_band_15_std,0.0005560792106132391
ch1_cqcc_0_mean,0.0005544747530571392
ch1_cqcc_10_std,0.0005469611468347018
ch0_mfcc_1_skew,0.0005452486970200979
ch0_mgd_band_4_mean,0.0005443808378814942
ch1_imag_band_34_std,0.000544181585536276
ch0_mag_band_11_std,0.0005437011039970651
ch1_real_band_35_kurtosis,0.000538315451984942
ch0_real_band_35_std,0.000537504748007647
ch1_real_band_33_kurtosis,0.0005367474762929602
ch1_real_band_31_std,0.0005324575384601207
ch0_mag_band_33_kurtosis,0.000525212971076946
ch0_cqcc_0_std,0.0005234935322645473
ch0_imag_band_11_std,0.0005177528517431987
ch1_mag_band_32_kurtosis,0.0005162179359522668
ch0_mag_band_36_mean,0.0005132794471319747
ch1_mag_band_36_kurtosis,0.0005084398835763306
ch0_mgd_band_32_std,0.0005082839384085877
ch0_mgd_band_31_mean,0.000506627528059083
ch1_mag_band_20_kurtosis,0.0005059261860484499
ch0_mag_band_34_kurtosis,0.0005001097504917307
ch0_mfcc_5_mean,0.0004991913027203871
ch1_real_band_34_std,0.00049891052934937
ch0_real_band_31_std,0.000496774041987751
ch1_mag_band_33_kurtosis,0.0004922761988471138
ch1_mgd_band_29_std,0.000491997151600269
ch1_mag_band_33_std,0.0004912421315012432
ch1_mfcc_0_std,0.0004912188472872094
ch0_cqcc_17_std,0.00048624431439480656
ch1_mag_band_19_kurtosis,0.0004781326386223502
ch1_lfcc_1_std,0.00047278655042008234
ch0_real_band_19_kurtosis,0.0004720676120709816
ch1_imag_band_33_std,0.0004694878175786152
ch0_mag_band_22_std,0.00046461511721675067
ch0_mfcc_0_std,0.0004619641298630536
ch1_phase_band_38_kurtosis,0.00046159698808022174
ch1_imag_band_4_std,0.0004591867881324949
ch0_mag_band_35_mean,0.0004584844356512439
ch0_cqcc_5_std,0.0004575306545500953
ch1_real_band_34_kurtosis,0.0004565797908816919
ch0_phase_band_38_mean,0.00045601987143781275
ch1_mag_band_21_mean,0.00045363252872167076
ch0_imag_band_13_std,0.0004533270851214987
ch0_imag_band_14_std,0.00045147107649388214
ch1_phase_band_38_mean,0.00045027623654561247
ch0_cqcc_0_kurtosis,0.0004488398198448587
ch1_mag_band_35_mean,0.00044752429452994485
ch1_lfcc_4_std,0.0004470639051832947
ch1_imag_band_28_std,0.0004443053985415987
ch1_mgd_band_37_mean,0.0004430722886241254
ch1_imag_band_37_std,0.00043740363934975245
ch1_mag_band_34_kurtosis,0.0004365700542833022
ch0_mag_band_32_mean,0.0004349951153864395
ch0_imag_band_37_std,0.00043200831087158504
ch0_mag_band_0_mean,0.0004289635475989196
ch0_real_band_31_kurtosis,0.00042748040909307847
ch1_mag_band_35_kurtosis,0.0004234928508088917
ch0_imag_band_36_kurtosis,0.0004231785756111525
ch1_mag_band_35_skew,0.00042176413683875315
ch0_imag_band_37_kurtosis,0.0004169542351383492
ch0_mag_band_19_mean,0.00041435511232573437
ch0_lfcc_1_skew,0.00041395804083226197
ch1_real_band_0_skew,0.000410182001443458
ch0_lfcc_1_kurtosis,0.0004096466067031004
ch0_lfcc_0_kurtosis,0.00040870880250447556
ch1_mag_band_22_skew,0.00040814836201624467
ch1_imag_band_19_kurtosis,0.0004053921505825793
ch1_imag_band_17_kurtosis,0.000404663476862976
ch0_mag_band_19_skew,0.0004002137956689218
ch0_mag_band_29_std,0.00039960685262924753
ch1_cqcc_3_std,0.0003993640788144057
ch1_imag_band_36_std,0.0003952982086714085
ch0_mag_band_37_skew,0.00039447442582069296
ch1_mag_band_36_skew,0.0003898580333779796
ch1_lfcc_0_std,0.0003886096445800978
ch0_imag_band_33_kurtosis,0.0003872427140267107
ch0_mgd_band_31_std,0.0003856589721007385
ch0_real_band_33_kurtosis,0.00038262305494292923
ch0_lfcc_0_std,0.0003820001575628703
ch1_mag_band_6_mean,0.0003812008881139542
ch0_lfcc_1_std,0.00037807389831403257
ch0_lfcc_5_std,0.0003779802837975258
ch1_imag_band_15_kurtosis,0.000377168601488812
ch0_mfcc_1_std,0.0003763331401901035
ch0_mgd_band_37_mean,0.0003760281864402045
ch0_mag_band_35_kurtosis,0.00037434192701285665
ch0_real_band_0_skew,0.0003742288940678097
ch1_cqcc_18_std,0.0003738931439811536
ch0_mag_band_33_skew,0.0003729020155418613
ch1_mgd_band_4_mean,0.0003719944646211219
ch1_mag_band_14_kurtosis,0.0003694635017859364
ch1_lfcc_6_std,0.000368190066380522
ch0_cqcc_4_std,0.00036658369494415666
ch0_mag_band_19_kurtosis,0.0003627677470666682
ch1_mag_band_37_mean,0.0003623788328745493
ch0_mag_band_37_kurtosis,0.00036137716285262355
ch0_mgd_band_0_mean,0.0003610938105397426
ch1_imag_band_37_kurtosis,0.00036096632036256883
ch1_mfcc_4_std,0.00035896141978288264
ch1_phase_band_39_std,0.0003573205242397144
ch1_real_band_36_kurtosis,0.0003573109498617043
ch1_mgd_band_25_mean,0.0003570278866811604
ch1_real_band_29_std,0.000353669892904607
ch1_mag_band_37_skew,0.0003513309609764851
ch0_imag_band_19_kurtosis,0.0003505847441400269
ch0_phase_band_39_std,0.00034749588751560167
ch1_cqcc_1_std,0.0003465689815413979
ch1_phase_band_0_skew,0.0003418704277283367
ch0_mfcc_5_std,0.0003401211795683459
ch1_mag_band_34_skew,0.0003400257471247297
ch1_mag_band_9_mean,0.0003386165805330399
ch1_mag_band_20_skew,0.000335982773726967
ch1_mag_band_37_kurtosis,0.0003354007524786642
ch1_mag_band_22_kurtosis,0.0003350048237381639
ch0_mag_band_32_skew,0.0003338264090042187
ch0_real_band_32_kurtosis,0.00033282294232193644
ch1_mag_band_33_skew,0.0003320561087398911
ch0_phase_band_38_kurtosis,0.00033202765080755253
ch0_cqcc_7_std,0.0003294608211656853
ch0_cqcc_18_std,0.0003293289438722696
ch0_cqcc_1_std,0.00032909282095127003
ch0_mag_band_31_skew,0.00032862477246429193
ch0_real_band_28_std,0.00032539390899402024
ch1_mgd_band_27_mean,0.0003245690657239051
ch1_mag_band_30_kurtosis,0.0003245377783759499
ch0_imag_band_31_kurtosis,0.00032317679810642345
ch0_imag_band_34_kurtosis,0.00032302150120942606
ch0_mag_band_16_mean,0.000322872310218469
ch1_cqcc_7_mean,0.0003222116381288175
ch1_mgd_band_30_std,0.0003189915828272043
ch1_real_band_26_std,0.0003169588939224627
ch1_real_band_19_std,0.0003143131741313362
ch0_imag_band_35_kurtosis,0.0003114548039902369
ch0_lfcc_6_std,0.0003078459853337954
ch1_imag_band_29_std,0.0003076690574868218
ch1_real_band_32_kurtosis,0.00030550329734375914
ch0_cqcc_1_mean,0.00030486023475219544
ch1_real_band_37_kurtosis,0.0003033497331692953
ch1_lfcc_0_kurtosis,0.00030122196014118694
ch1_mag_band_18_kurtosis,0.0002996622082268025
ch0_real_band_0_std,0.0002991049575090341
ch1_imag_band_34_kurtosis,0.0002982659366897419
ch1_mfcc_3_std,0.00029607930888075223
ch1_lfcc_1_kurtosis,0.00029202308915153027
ch1_cqcc_9_std,0.0002899029922072127
ch0_mag_band_30_std,0.00028837571399241267
ch0_imag_band_18_kurtosis,0.00028797662974551047
ch1_mag_band_17_skew,0.0002878112394331961
ch1_mgd_band_0_mean,0.00028710581418261294
ch1_mgd_band_25_std,0.00028618445307157454
ch1_mag_band_30_skew,0.00028458548895858934
ch0_real_band_35_kurtosis,0.00028349900312792575
ch0_cqcc_7_mean,0.00028222578104898107
ch0_real_band_30_std,0.0002820813923168023
ch1_mgd_band_24_std,0.0002818761353872156
ch1_mfcc_0_mean,0.00027935738830052047
ch0_imag_band_22_std,0.0002787427131852722
ch1_real_band_31_kurtosis,0.0002782049387748294
ch1_lfcc_10_std,0.0002774530515716514
ch1_real_band_30_std,0.0002757869630143171
ch1_imag_band_18_kurtosis,0.0002757851648314825
ch0_mgd_band_29_std,0.0002746908974956808
ch1_imag_band_30_kurtosis,0.0002745470587548895
ch1_real_band_21_kurtosis,0.0002741926250633538
ch1_mag_band_31_kurtosis,0.0002720719956762367
ch0_real_band_20_kurtosis,0.00027197885974576544
ch1_mgd_band_38_kurtosis,0.00027075223181943287
ch0_mgd_band_38_kurtosis,0.0002698035422110051
ch0_cqcc_19_mean,0.0002694992904296463
ch1_lfcc_2_std,0.00026901992734279235
ch0_lfcc_9_std,0.000268615308396746
ch1_lfcc_13_std,0.00026718365544143056
ch0_mgd_band_27_mean,0.0002655437419719681
ch0_mfcc_4_mean,0.0002633694471738634
ch1_imag_band_32_kurtosis,0.00026261927695258024
ch1_lfcc_3_std,0.0002624009782637006
ch0_lfcc_4_std,0.0002610573754411613
ch1_imag_band_35_kurtosis,0.00025974726134749633
ch1_mag_band_31_skew,0.00025962125028748814
ch0_phase_band_36_kurtosis,0.0002594302473463834
ch0_lfcc_10_std,0.00025924073748790515
ch0_imag_band_17_kurtosis,0.0002588286702835265
ch0_imag_band_0_std,0.00025810991678413696
ch1_mag_band_28_mean,0.00025758556380480927
ch1_mfcc_17_mean,0.00025546577440545276
ch1_phase_band_29_std,0.00025466784920289234
ch1_imag_band_20_kurtosis,0.0002544818937816675
ch0_imag_band_32_std,0.00025433917400856533
ch1_cqcc_0_skew,0.00025382995738851716
ch1_mfcc_1_std,0.00025316640264247555
ch0_imag_band_20_std,0.00025249896030895045
ch0_mfcc_0_skew,0.0002523556971500833
ch1_mag_band_0_std,0.00025166144972369684
ch0_lfcc_3_std,0.0002508120620917726
ch0_mag_band_30_skew,0.00025075165437163886
ch0_mfcc_7_std,0.0002492893282694708
ch0_lfcc_0_mean,0.0002485928840743796
ch0_mgd_band_28_std,0.0002480527947822032
ch1_imag_band_31_std,0.0002474524839386526
ch0_mag_band_35_skew,0.0002459393451963407
ch0_real_band_22_std,0.0002455035658165668
ch0_real_band_37_kurtosis,0.00024525264372317194
ch0_mag_band_23_kurtosis,0.0002449874453176995
ch1_real_band_32_std,0.00024435122403021367
ch0_mag_band_20_skew,0.00024133277858703076
ch0_mag_band_23_std,0.000241068066798807
ch0_mag_band_24_std,0.00023981142307643994
ch0_mag_band_0_std,0.00023965313084523698
ch0_real_band_29_std,0.0002391599935813752
ch0_mgd_band_25_mean,0.00023706128157434194
ch1_mag_band_21_kurtosis,0.00023539680832958666
ch1_real_band_15_kurtosis,0.00023499438982778483
ch1_lfcc_1_skew,0.00023414208912712274
ch1_lfcc_5_std,0.00023206354857366337
ch1_mag_band_21_skew,0.00023188309909718757
ch0_imag_band_21_std,0.0002294142755060554
ch1_mfcc_0_skew,0.00022834023277586241
ch0_mfcc_9_skew,0.00022813819590525026
ch0_imag_band_30_std,0.00022638745677668794
ch1_cqcc_7_std,0.00022578881034358427
ch0_cqcc_6_std,0.0002257152143540671
ch1_real_band_20_kurtosis,0.00022427840288157856
ch1_real_band_0_std,0.00022383714711801791
ch0_mgd_band_24_std,0.0002228173519316436
ch1_mgd_band_6_std,0.00022248024948700207
ch0_mag_band_18_mean,0.00022117618971630943
ch1_imag_band_32_std,0.00022078756640263303
ch0_mag_band_9_mean,0.00021983566821452162
ch1_mgd_band_28_std,0.00021856946276896738
ch1_real_band_23_kurtosis,0.00021692772927150845
ch0_mag_band_16_std,0.0002164619473032631
ch1_mgd_band_26_std,0.0002152423377020675
ch1_lfcc_9_std,0.0002146662140722457
ch1_cqcc_5_std,0.00021224007805504543
ch0_cqcc_10_std,0.00021172063410752632
ch0_imag_band_30_kurtosis,0.00021170147183859688
ch0_cqcc_19_std,0.00021047984417084227
ch0_lfcc_1_mean,0.0002102847995750978
ch0_mfcc_3_std,0.0002097685511159224
ch1_mfcc_1_kurtosis,0.0002093529836335999
ch0_mgd_band_27_std,0.000208635843254027
ch1_mag_band_0_mean,0.00020790174890161306
ch0_cqcc_0_mean,0.0002077921854222953
ch0_mag_band_17_skew,0.00020716914478014143
ch0_imag_band_20_kurtosis,0.0002070152962707255
ch1_imag_band_0_skew,0.0002058358377971564
ch1_mfcc_9_skew,0.00020570595097961418
ch0_lfcc_2_std,0.00020544106610484607
ch1_mgd_band_27_std,0.00020451263052870944
ch0_mfcc_3_skew,0.00020360235541915403
ch1_imag_band_21_kurtosis,0.00020349935975603548
ch0_real_band_24_std,0.00020259420979494648
ch0_real_band_30_kurtosis,0.00020245903098782867
ch1_real_band_22_kurtosis,0.00020206050527431764
ch1_mgd_band_15_std,0.00020122158064959114
ch1_imag_band_31_kurtosis,0.0002011433115986304
ch1_imag_band_0_std,0.00020069526750555143
ch0_imag_band_0_skew,0.00020029082320315763
ch0_real_band_29_kurtosis,0.00020010410383848669
ch1_real_band_33_std,0.00020008640612027026
ch1_mfcc_18_mean,0.0001972930362056587
ch1_cqcc_19_mean,0.00019691985648849944
ch0_mgd_band_26_std,0.00019672075815394268
ch1_mfcc_7_std,0.0001954248115960003
ch0_cqcc_3_mean,0.00019424590100205563
ch1_cqcc_2_std,0.0001933182891057074
ch0_mag_band_12_mean,0.0001933131388463247
ch1_lfcc_11_std,0.00019252740225805812
ch1_mag_band_27_std,0.00019218654474588702
ch0_real_band_18_kurtosis,0.00019204910756731458
ch0_mfcc_5_skew,0.0001919108686649506
ch0_imag_band_22_kurtosis,0.0001911951240756049
ch1_cqcc_3_mean,0.00019070379587162505
ch1_real_band_24_kurtosis,0.00019038030189938074
ch1_cqcc_4_std,0.00018988054073269028
ch0_cqcc_2_std,0.0001893546750575728
ch1_mgd_band_21_std,0.0001893469429959174
ch0_mfcc_1_kurtosis,0.00018851280069005788
ch1_mag_band_26_std,0.00018751128148706913
ch0_mag_band_10_mean,0.0001868889135856258
ch0_mfcc_6_std,0.0001863966733781169
ch0_mgd_band_25_std,0.00018439300601079213
ch1_phase_band_34_kurtosis,0.00018418745518576613
ch1_mfcc_5_mean,0.00018404743095313473
ch0_imag_band_31_std,0.00018398997773326636
ch1_mfcc_4_mean,0.0001827627407445673
ch0_imag_band_9_kurtosis,0.0001826264359633731
ch0_lfcc_3_mean,0.00018202915563318746
ch1_real_band_16_std,0.00018163990066811158
ch1_real_band_30_kurtosis,0.00017933111237385569
ch1_mag_band_23_skew,0.0001792815058131605
ch0_real_band_21_kurtosis,0.00017874027882577124
ch1_mfcc_3_mean,0.00017838784200190826
ch1_real_band_18_kurtosis,0.0001774974614464668
ch1_phase_band_29_kurtosis,0.00017704986194723343
ch0_lfcc_2_skew,0.00017694209967787717
ch0_cqcc_5_mean,0.00017657650413183424
ch0_cqcc_10_mean,0.000176414761503489
ch1_cqcc_2_mean,0.0001763692899365156
ch1_mgd_band_23_std,0.00017616771862752237
ch0_imag_band_28_std,0.00017544945905378893
ch1_lfcc_2_kurtosis,0.00017537354743990243
ch1_mfcc_1_mean,0.00017478776122312916
ch0_phase_band_0_skew,0.00017383457524275338
ch0_phase_band_34_kurtosis,0.0001735600048872936
ch1_mag_band_25_skew,0.00017336210602757285
ch0_cqcc_0_skew,0.00017307432615636367
ch1_imag_band_23_kurtosis,0.00017296398883517663
ch1_mgd_band_20_std,0.000172103790553138
ch0_real_band_9_kurtosis,0.00017207835563828633
ch0_phase_band_38_std,0.0001718811817016812
ch1_cqcc_8_std,0.00017162389602254523
ch0_lfcc_7_std,0.00017130139263935737
ch1_cqcc_6_mean,0.00017095541805206248
ch1_imag_band_20_std,0.00017039815622539494
ch1_phase_band_39_mean,0.00017023551787602033
ch0_mfcc_7_skew,0.00016990872739203324
ch1_mag_band_23_kurtosis,0.00016957297960805306
ch0_mag_band_21_skew,0.00016935321688186622
ch1_lfcc_6_mean,0.0001693490466312877
ch1_phase_band_35_kurtosis,0.00016921753655895638
ch0_mag_band_22_kurtosis,0.00016872040792835423
ch0_mfcc_10_mean,0.00016795946572774695
ch1_mfcc_14_mean,0.0001676204458412145
ch0_mag_band_15_skew,0.00016733171504180775
ch0_imag_band_18_std,0.00016721092383387568
ch0_mgd_band_22_std,0.00016639174391466796
ch1_phase_band_37_kurtosis,0.00016560172470537866
ch0_mgd_band_15_std,0.00016484155460236738
ch0_mag_band_13_std,0.00016443966465464008
ch0_mgd_band_38_skew,0.00016432152434622346
ch0_lfcc_3_skew,0.00016426142350765304
ch1_real_band_27_std,0.00016307319617185663
ch1_mag_band_26_mean,0.00016239891835784974
ch0_lfcc_13_std,0.000161989370492903
ch0_mgd_band_0_std,0.00016136954568140194
ch0_mfcc_15_mean,0.00016132114683700227
ch0_real_band_21_std,0.0001609997662210931
ch1_mag_band_25_mean,0.00016060492420085268
ch0_real_band_17_kurtosis,0.00016019709362653022
ch1_mag_band_24_kurtosis,0.00016014373018064407
ch0_mag_band_14_skew,0.00015965069883909925
ch1_mfcc_15_mean,0.00015953578336208574
ch1_lfcc_12_std,0.00015913817449684316
ch0_mgd_band_26_mean,0.00015897958179126342
ch1_mfcc_2_std,0.0001581920607255881
ch0_cqcc_2_mean,0.00015752280126074005
ch0_mag_band_11_mean,0.0001569472726690606
ch0_mag_band_21_std,0.00015678602421616354
ch1_imag_band_22_kurtosis,0.00015677469811323686
ch0_mag_band_20_kurtosis,0.00015634400558644165
ch1_lfcc_2_mean,0.0001555087919882909
ch0_lfcc_4_mean,0.0001552347087008909
ch1_mag_band_15_std,0.0001551932936389397
ch1_mag_band_22_mean,0.00015428421638612755
ch1_mgd_band_22_std,0.00015424774702069152
ch1_mfcc_3_kurtosis,0.0001541559045532863
ch0_cqcc_9_mean,0.00015405781447297613
ch0_mfcc_2_std,0.00015383834543698425
ch0_mgd_band_36_kurtosis,0.00015366288592613068
ch0_lfcc_7_mean,0.00015358038305365117
ch1_mag_band_4_skew,0.00015339661939887408
ch0_mfcc_8_mean,0.00015321977088452514
ch0_mgd_band_39_skew,0.0001529236940721552
ch0_imag_band_29_std,0.00015291745326186565
ch1_mgd_band_0_std,0.0001523510358052177
ch0_mgd_band_17_std,0.00015232397636850875
ch1_imag_band_26_std,0.00015150395211548592
ch0_phase_band_34_std,0.00015149635263567824
ch0_mgd_band_14_std,0.00015123966267062194
ch0_mag_band_0_kurtosis,0.00015053834635669308
ch1_imag_band_27_std,0.00015046323850810632
ch1_imag_band_25_std,0.00015011007506639972
ch0_mfcc_2_mean,0.00014972558834262654
ch0_real_band_20_std,0.00014934099194627767
ch0_mag_band_9_kurtosis,0.00014933193385731675
ch0_real_band_24_kurtosis,0.00014893076640204943
ch0_mag_band_13_skew,0.00014862072768234718
ch1_imag_band_24_kurtosis,0.00014743514295449927
ch1_cqcc_1_mean,0.0001474155097810445
ch1_lfcc_7_std,0.00014684245977872215
ch0_mag_band_25_kurtosis,0.00014649258972605292
ch0_cqcc_8_std,0.00014631792292259387
ch0_lfcc_8_std,0.00014610486170860647
ch0_mag_band_31_mean,0.0001460631544667261
ch0_mag_band_27_std,0.00014581708363817908
ch0_phase_band_39_mean,0.00014544039761565792
ch0_mag_band_21_kurtosis,0.00014540345417748328
ch0_imag_band_23_kurtosis,0.0001444539926656669
ch1_lfcc_5_mean,0.00014437860690755881
ch0_real_band_25_std,0.0001443447163292075
ch1_mgd_band_19_mean,0.00014428640448755988
ch0_mgd_band_23_std,0.00014419385317535012
ch1_imag_band_11_kurtosis,0.00014386530601086115
ch1_mgd_band_20_mean,0.00014268402784393247
ch0_cqcc_16_mean,0.00014262498656273997
ch1_mgd_band_39_skew,0.00014205393932826445
ch1_mag_band_9_skew,0.00014195784991207378
ch0_phase_band_37_kurtosis,0.00014170301801485363
ch1_phase_band_31_kurtosis,0.00014168925090618119
ch1_real_band_9_kurtosis,0.0001411383265772574
ch1_mfcc_8_mean,0.00014071391576379137
ch0_imag_band_32_kurtosis,0.00014043990812479768
ch0_lfcc_13_skew,0.00014023385303106763
ch0_cqcc_9_std,0.0001401997752270491
ch1_mag_band_0_skew,0.0001401340943475422
ch1_mgd_band_0_kurtosis,0.00013981032821854073
ch0_mfcc_3_mean,0.00013920940506385299
ch0_mag_band_18_kurtosis,0.00013875740054491913
ch1_mag_band_0_kurtosis,0.00013859551396001228
ch0_lfcc_11_std,0.00013839846582651747
ch0_mfcc_0_mean,0.00013837347567285761
ch1_imag_band_24_std,0.00013798965080934073
ch0_mgd_band_18_mean,0.00013794438379315438
ch0_mag_band_28_mean,0.00013792332527076106
ch1_mfcc_15_std,0.00013735503168900887
ch1_lfcc_8_std,0.00013720343611091682
ch1_mag_band_29_mean,0.00013720210021351046
ch0_mag_band_25_skew,0.00013618309970298706
ch0_mag_band_16_skew,0.00013576816674673757
ch1_mgd_band_21_mean,0.00013574650044434613
ch1_cqcc_16_mean,0.0001357326758389982
ch0_mfcc_2_skew,0.0001356025033216742
ch0_mag_band_9_skew,0.00013550136102511443
ch0_lfcc_12_std,0.00013541397253111562
ch0_imag_band_15_std,0.0001351554772869061
ch0_imag_band_21_kurtosis,0.00013500079852700296
ch1_mgd_band_37_kurtosis,0.0001348654826965421
ch1_mgd_band_30_kurtosis,0.0001348284088657523
ch0_lfcc_2_kurtosis,0.00013460396213138168
ch0_mgd_band_21_std,0.00013440993205520905
ch0_mgd_band_19_mean,0.00013424443493745896
ch0_imag_band_19_std,0.0001341811694847459
ch0_mag_band_4_kurtosis,0.0001341565570509991
ch0_mgd_band_6_mean,0.0001340346207774645
ch0_lfcc_14_std,0.0001335351268411537
ch0_mfcc_14_mean,0.00013338076740010532
ch1_cqcc_19_std,0.00013326289343723168
ch0_phase_band_32_kurtosis,0.00013318747286471995
ch0_mfcc_17_mean,0.00013286142510663337
ch1_mag_band_25_std,0.0001326167306430515
ch1_mag_band_11_kurtosis,0.00013254755387053028
ch1_mgd_band_19_std,0.0001323207244868654
ch1_cqcc_5_mean,0.0001320753157744087
ch1_real_band_4_kurtosis,0.00013197911703234153
ch1_real_band_16_kurtosis,0.00013164054876962347
ch0_mfcc_6_mean,0.00013136567383849557
ch1_phase_band_38_std,0.0001312542243360265
ch1_imag_band_16_std,0.00013101295422415367
ch1_lfcc_4_mean,0.00013044672828956854
ch0_mgd_band_6_kurtosis,0.000130444496462289
ch1_mgd_band_21_kurtosis,0.00013022010357693878
ch0_lfcc_8_mean,0.00012962721536183963
ch0_mag_band_25_std,0.00012946746999066572
ch0_mag_band_24_mean,0.000129405102271769
ch0_mgd_band_17_kurtosis,0.0001292840332174052
ch0_mgd_band_29_kurtosis,0.00012927670037132054
ch1_mag_band_23_std,0.00012881161853021763
ch0_mag_band_18_skew,0.00012877107418653752
ch1_mag_band_18_std,0.00012876981579397487
ch0_imag_band_29_kurtosis,0.00012869575837287233
ch1_lfcc_2_skew,0.00012858269101760397
ch0_mfcc_3_kurtosis,0.00012857344490969065
ch1_imag_band_17_std,0.000128357054309659
ch0_phase_band_0_mean,0.00012811398498163332
ch0_mag_band_15_kurtosis,0.00012811270152545808
ch1_imag_band_13_kurtosis,0.00012781054286930733
ch0_mag_band_29_mean,0.00012768895461319938
ch0_cqcc_3_std,0.00012763240737727867
ch1_mfcc_2_mean,0.00012760206081126595
ch1_imag_band_16_kurtosis,0.00012749327004022099
ch0_mgd_band_6_std,0.00012716682350723358
ch1_lfcc_1_mean,0.00012684117453932547
ch0_mag_band_22_mean,0.00012590147952460802
ch1_mag_band_13_skew,0.00012572391946009053
ch1_mgd_band_17_std,0.00012567325868276762
ch0_mgd_band_12_kurtosis,0.00012541301977786088
ch0_mag_band_4_skew,0.0001253020124447341
ch0_real_band_27_std,0.00012515954566006445
ch0_mag_band_24_skew,0.00012508998687352517
ch0_imag_band_15_kurtosis,0.00012493285052428798
ch1_mag_band_22_std,0.00012473097296953833
ch0_mag_band_23_skew,0.00012470672927367957
ch0_mfcc_5_kurtosis,0.00012433199395260578
ch1_mfcc_12_mean,0.00012423751027494838
ch0_mgd_band_4_std,0.00012422682034216945
ch1_mag_band_33_mean,0.00012415971380126429
ch1_mag_band_16_skew,0.00012387250345997764
ch1_real_band_25_std,0.00012367325569585536
ch1_real_band_14_kurtosis,0.0001235292406085398
ch1_real_band_39_skew,0.00012334618408435172
ch1_phase_band_33_kurtosis,0.0001233212510215036
ch0_mag_band_29_skew,0.00012317223907710165
ch0_mgd_band_18_std,0.0001230447129364232
ch1_lfcc_3_mean,0.0001229543212475388
ch0_mgd_band_37_kurtosis,0.0001224247435242095
ch1_mag_band_15_kurtosis,0.00012238342351617606
ch1_mgd_band_4_std,0.00012233838112236044
ch0_lfcc_12_kurtosis,0.00012230724393918484
ch0_mag_band_30_mean,0.0001221185892813396
ch0_mgd_band_11_std,0.00012198753881227416
ch0_mgd_band_0_kurtosis,0.00012182445920747665
ch1_cqcc_9_mean,0.00012178622108141258
ch1_lfcc_18_std,0.0001215625581709961
ch1_lfcc_3_skew,0.00012140922749757123
ch0_phase_band_37_std,0.00012130880909068694
ch1_mag_band_32_mean,0.0001212450173540664
ch1_mag_band_30_mean,0.00012119213974756638
ch1_cqcc_17_kurtosis,0.0001211066416466674
ch1_imag_band_9_kurtosis,0.00012110077076429698
ch0_lfcc_6_mean,0.00012105387585405608
ch1_real_band_21_std,0.00012086554470776882
ch1_real_band_10_kurtosis,0.00012086218172597298
ch0_mag_band_17_kurtosis,0.00012070148162111095
ch0_real_band_22_kurtosis,0.00012046144775007296
ch0_mag_band_30_kurtosis,0.00012002458145801362
ch1_mgd_band_18_std,0.00011979437581008222
ch1_mgd_band_18_mean,0.00011957465215113511
ch0_mag_band_23_mean,0.00011919488649625174
ch0_mgd_band_27_kurtosis,0.0001188467624979332
ch0_mfcc_18_mean,0.00011878026547540008
ch0_mag_band_20_std,0.00011857614485097438
ch1_mfcc_19_mean,0.00011836358837264117
ch1_imag_band_14_kurtosis,0.00011810838638283843
ch0_imag_band_25_std,0.000118098757723389
ch1_mag_band_21_std,0.00011800156674730245
ch0_real_band_17_std,0.00011797538332356925
ch1_real_band_11_kurtosis,0.00011795895046670198
ch1_lfcc_12_kurtosis,0.00011793832579593619
ch1_phase_band_36_kurtosis,0.00011763276455046615
ch0_imag_band_10_kurtosis,0.00011712723235404287
ch1_mgd_band_6_kurtosis,0.00011708402680777482
ch0_real_band_23_std,0.00011698253480907963
ch0_mgd_band_15_kurtosis,0.00011675466374551263
ch1_mag_band_17_std,0.0001166106519641746
ch1_real_band_22_std,0.00011659382784261313
ch1_mfcc_3_skew,0.00011656680960894982
ch1_mfcc_16_mean,0.0001162306790174135
ch1_mgd_band_15_kurtosis,0.00011619698833217493
ch1_mag_band_19_std,0.0001159746365649694
ch1_mfcc_6_std,0.0001159495367868561
ch1_real_band_29_kurtosis,0.00011593806958139827
ch1_mgd_band_32_kurtosis,0.00011590992971472122
ch0_real_band_23_kurtosis,0.00011573477149889952
ch0_real_band_16_kurtosis,0.00011569618223501444
ch0_real_band_11_kurtosis,0.0001155097065331244
ch1_mfcc_9_kurtosis,0.0001153974306338092
ch1_mgd_band_9_std,0.00011497107606697158
ch0_mgd_band_13_kurtosis,0.00011471576796332164
ch0_mag_band_10_kurtosis,0.00011471294002022549
ch0_lfcc_15_mean,0.00011457966575522753
ch0_mfcc_14_std,0.00011432866509474434
ch0_cqcc_15_mean,0.00011430858910957235
ch1_mfcc_5_skew,0.00011423502626777091
ch1_mag_band_12_kurtosis,0.00011411802612332262
ch0_mag_band_22_skew,0.00011410116963579087
ch0_mfcc_19_mean,0.00011398226066495949
ch1_mag_band_15_skew,0.00011379009337659126
ch0_mfcc_7_mean,0.00011311832583863245
ch0_mgd_band_11_kurtosis,0.00011309303878304203
ch1_real_band_13_kurtosis,0.00011287275895027472
ch0_cqcc_6_mean,0.00011252346787883109
ch1_mag_band_4_kurtosis,0.00011247165298513122
ch0_mgd_band_10_std,0.00011186334378807075
ch0_phase_band_36_std,0.00011160818792180674
ch0_lfcc_4_skew,0.00011157351595378375
ch1_mgd_band_14_kurtosis,0.00011153108727248586
ch0_mgd_band_30_kurtosis,0.00011151386670899819
ch1_imag_band_21_std,0.00011150942351952236
ch0_mgd_band_21_kurtosis,0.00011150575059141037
ch1_phase_band_37_std,0.00011137560235332744
ch1_mgd_band_33_kurtosis,0.00011133812008811768
ch0_mag_band_14_kurtosis,0.00011128524725903841
ch0_imag_band_24_kurtosis,0.00011117247314057114
ch1_mfcc_7_skew,0.0001110995702425126
ch0_imag_band_24_std,0.00011105661993658719
ch0_lfcc_9_kurtosis,0.00011098382957484608
ch1_mfcc_0_kurtosis,0.00011073772017406208
ch1_mag_band_25_kurtosis,0.0001105913285277278
ch1_mfcc_6_mean,0.00011046689430889634
ch1_mgd_band_10_kurtosis,0.0001103416347885209
ch1_mag_band_9_kurtosis,0.0001101097982578093
ch1_cqcc_10_mean,0.00011010445540107906
ch1_lfcc_13_kurtosis,0.00011002557736521753
ch0_mgd_band_21_mean,0.00010995419796625894
ch1_mgd_band_11_kurtosis,0.00010988357052055469
ch1_mgd_band_16_std,0.0001098431729188582
ch0_real_band_0_kurtosis,0.0001097992397381439
ch0_mag_band_13_kurtosis,0.00010971778190989787
ch0_mgd_band_31_kurtosis,0.00010958593439099393
ch0_mag_band_19_std,0.00010941693734784048
ch1_mfcc_10_std,0.00010907749257480615
ch0_real_band_15_kurtosis,0.00010897832832561878
ch1_imag_band_22_std,0.00010889446241258063
ch0_lfcc_14_mean,0.00010869554280741538
ch1_mgd_band_29_kurtosis,0.0001086295283420412
ch0_lfcc_19_kurtosis,0.00010856081386369296
ch1_mgd_band_38_skew,0.00010827955518168743
ch0_imag_band_0_kurtosis,0.00010825232431069866
ch0_mfcc_6_skew,0.00010824278605985483
ch1_mag_band_14_skew,0.00010813051769399958
ch0_mag_band_29_kurtosis,0.00010792315963284907
ch0_mfcc_11_std,0.0001077606011478279
ch0_mgd_band_35_kurtosis,0.00010754617513085237
ch0_real_band_16_std,0.00010743352311281743
ch0_mag_band_15_std,0.00010734382542505493
ch1_phase_band_32_std,0.0001073371978862749
ch0_lfcc_13_kurtosis,0.00010722474794704921
ch1_mgd_band_28_kurtosis,0.00010699027920190831
ch1_cqcc_4_skew,0.00010673982057049222
ch1_imag_band_10_kurtosis,0.00010672867263007359
ch1_mgd_band_14_std,0.00010668887683091261
ch1_imag_band_12_kurtosis,0.00010659830854453023
ch0_imag_band_23_std,0.00010642314720235899
ch0_mgd_band_12_std,0.00010636324448402833
ch1_phase_band_30_kurtosis,0.00010631950743001338
ch0_mfcc_13_mean,0.0001063037001865428
ch0_mfcc_9_std,0.00010630004850375887
ch1_cqcc_15_mean,0.00010627044949684643
ch0_mgd_band_25_kurtosis,0.00010626362031375628
ch1_phase_band_35_std,0.00010584305268605162
ch0_mag_band_11_kurtosis,0.00010574735557232225
ch0_mgd_band_16_std,0.00010540243976331768
ch0_real_band_10_kurtosis,0.00010537605238321871
ch1_phase_band_29_mean,0.00010522698190768473
ch1_phase_band_36_std,0.00010519003566490994
ch1_mgd_band_17_mean,0.00010516356527686558
ch0_cqcc_18_kurtosis,0.00010514105702936195
ch1_mfcc_5_kurtosis,0.000104923806803571
ch0_mgd_band_20_mean,0.00010490139196470321
ch0_mfcc_12_mean,0.00010484879392468088
ch0_real_band_17_mean,0.00010435329574453771
ch0_cqcc_14_mean,0.0001043310100530781
ch0_lfcc_18_std,0.00010431152467892174
ch1_mgd_band_25_kurtosis,0.0001042524198572504
ch0_mgd_band_22_kurtosis,0.00010414187961999786
ch0_lfcc_11_skew,0.00010396556287516389
ch0_phase_band_33_kurtosis,0.00010391321626466884
ch0_mgd_band_28_kurtosis,0.00010385589151831383
ch0_mgd_band_16_kurtosis,0.00010380746098782299
ch0_mfcc_1_mean,0.00010350307075165362
ch0_phase_band_31_std,0.00010348134860685063
ch1_phase_band_0_mean,0.00010347111941257457
ch1_mag_band_8_kurtosis,0.00010333742980491214
ch1_lfcc_5_skew,0.00010303561446343587
ch1_mgd_band_11_std,0.00010293560204355816
ch1_mgd_band_33_skew,0.00010290671155432831
ch0_real_band_4_kurtosis,0.00010287374024872861
ch1_mfcc_2_skew,0.00010268962419455145
ch0_mag_band_11_skew,0.00010267054709389416
ch0_lfcc_10_mean,0.00010254274342769193
ch1_mag_band_10_kurtosis,0.00010246904412136731
ch0_mgd_band_18_kurtosis,0.00010233755543654789
ch1_lfcc_11_skew,0.0001022587610184446
ch1_lfcc_14_std,0.0001022338721557662
ch0_real_band_18_std,0.00010204265641486299
ch0_mag_band_10_skew,0.00010203115303837552
ch1_imag_band_39_skew,0.00010186301964217291
ch1_mag_band_10_skew,0.00010176030038082368
ch1_mgd_band_6_mean,0.00010174601353834105
ch1_cqcc_11_kurtosis,0.00010150220787929885
ch0_mgd_band_36_skew,0.0001013314108536885
ch0_mfcc_15_std,0.00010109205220371492
ch1_mfcc_8_std,0.00010089341396973246
ch1_mgd_band_36_kurtosis,0.0001006917285541983
ch1_mgd_band_26_kurtosis,0.00010054503609266031
ch0_lfcc_19_mean,0.00010048385230413995
ch0_mag_band_26_std,0.00010023598641571168
ch0_mgd_band_14_kurtosis,0.00010007773062502763
ch1_mgd_band_27_kurtosis,9.996845542520158e-05
ch0_lfcc_3_kurtosis,9.99394448929846e-05
ch1_mgd_band_23_mean,9.98805832615207e-05
ch0_cqcc_8_mean,9.981115150668748e-05
ch1_mag_band_23_mean,9.979476214041512e-05
ch0_mgd_band_24_kurtosis,9.977211700637676e-05
ch0_mag_band_24_kurtosis,9.967976546720163e-05
ch0_real_band_39_skew,9.955277503399687e-05
ch1_mag_band_20_std,9.947623984949071e-05
ch1_imag_band_28_kurtosis,9.942173402995117e-05
ch0_real_band_26_std,9.916770188476271e-05
ch0_mfcc_17_std,9.914920333762671e-05
ch0_mgd_band_8_std,9.906171600219806e-05
ch0_mfcc_2_kurtosis,9.898611842903848e-05
ch0_mgd_band_33_kurtosis,9.894666615146477e-05
ch0_mag_band_12_kurtosis,9.890288441575947e-05
ch1_imag_band_0_kurtosis,9.884164527669599e-05
ch1_mgd_band_13_kurtosis,9.874858487975412e-05
ch0_mgd_band_17_mean,9.85317380402345e-05
ch1_mfcc_11_skew,9.85024466833217e-05
ch1_mag_band_12_skew,9.844301665668826e-05
ch1_mgd_band_23_kurtosis,9.838798799563915e-05
ch1_real_band_12_kurtosis,9.837168524665771e-05
ch1_cqcc_4_mean,9.823876929044556e-05
ch1_mag_band_13_kurtosis,9.812222203680335e-05
ch0_cqcc_4_skew,9.81174303979876e-05
ch1_lfcc_19_mean,9.809305543781503e-05
ch1_lfcc_8_mean,9.797589971791329e-05
ch1_mfcc_6_skew,9.789398862105773e-05
ch0_imag_band_26_std,9.77789229439695e-05
ch1_lfcc_15_mean,9.762743976896975e-05
ch1_mfcc_12_std,9.761941263552307e-05
ch0_mgd_band_19_std,9.758462068793003e-05
ch0_imag_band_12_kurtosis,9.708482444903311e-05
ch0_lfcc_5_mean,9.691010687831656e-05
ch0_lfcc_15_skew,9.678064433058778e-05
ch1_lfcc_10_mean,9.597397114084738e-05
ch0_mgd_band_34_kurtosis,9.58802631419499e-05
ch1_mag_band_16_kurtosis,9.5877839181457e-05
ch1_mfcc_11_std,9.57796524599722e-05
ch0_imag_band_16_kurtosis,9.573499482529169e-05
ch1_cqcc_8_mean,9.560552010791612e-05
ch1_mgd_band_35_kurtosis,9.556214177447575e-05
ch0_lfcc_13_mean,9.552714722025836e-05
ch1_cqcc_17_mean,9.517800879362782e-05
ch0_mag_band_0_skew,9.457580713633575e-05
ch1_lfcc_13_skew,9.450079594918927e-05
ch0_phase_band_32_std,9.445229983157307e-05
ch1_mgd_band_22_kurtosis,9.444369089336264e-05
ch1_cqcc_19_kurtosis,9.433719408823977e-05
ch0_lfcc_9_mean,9.427589244974228e-05
ch1_lfcc_7_mean,9.420445105586461e-05
ch1_mag_band_24_skew,9.414510844135904e-05
ch1_real_band_24_std,9.34206977401625e-05
ch1_real_band_0_kurtosis,9.3387367680069e-05
ch1_imag_band_10_skew,9.325846424774406e-05
ch0_cqcc_14_kurtosis,9.325178588919506e-05
ch0_real_band_33_skew,9.316200486304802e-05
ch1_phase_band_34_std,9.316080279486239e-05
ch0_imag_band_33_mean,9.31449152426627e-05
ch1_phase_band_20_kurtosis,9.30218190724879e-05
ch0_real_band_25_kurtosis,9.287842567158041e-05
ch1_mag_band_28_skew,9.28673631552944e-05
ch0_real_band_38_mean,9.280391325855417e-05
ch1_mgd_band_12_kurtosis,9.278357137479293e-05
ch0_cqcc_11_kurtosis,9.277324987125589e-05
ch0_phase_band_36_mean,9.273723032791336e-05
ch0_cqcc_4_mean,9.263469896394054e-05
ch0_mgd_band_4_kurtosis,9.259540279253366e-05
ch0_cqcc_16_kurtosis,9.25904952821105e-05
ch0_mgd_band_8_kurtosis,9.253766113997276e-05
ch1_imag_band_14_skew,9.23629714576725e-05
ch1_mfcc_8_skew,9.231207768247228e-05
ch1_mgd_band_16_kurtosis,9.217429971426033e-05
ch1_lfcc_9_kurtosis,9.212838688823119e-05
ch0_phase_band_30_kurtosis,9.212566348741246e-05
ch0_mgd_band_32_kurtosis,9.211106032644565e-05
ch1_mgd_band_19_kurtosis,9.200099344780481e-05
ch0_real_band_10_skew,9.199451093545294e-05
ch0_lfcc_18_kurtosis,9.198333491901014e-05
ch1_mgd_band_24_kurtosis,9.19363739430659e-05
ch0_mgd_band_26_kurtosis,9.193609251023865e-05
ch1_mgd_band_26_mean,9.192378822870814e-05
ch1_cqcc_14_kurtosis,9.17309015027005e-05
ch0_lfcc_8_skew,9.171169869266011e-05
ch0_mgd_band_10_kurtosis,9.162118922999091e-05
ch0_mfcc_16_mean,9.161966617887199e-05
ch0_cqcc_12_kurtosis,9.158040084302666e-05
ch0_lfcc_12_mean,9.156060776576855e-05
ch1_mgd_band_18_kurtosis,9.153784160403667e-05
ch1_cqcc_13_kurtosis,9.150876438055904e-05
ch1_imag_band_4_mean,9.149480335469376e-05
ch0_mfcc_8_std,9.138870451422287e-05
ch0_phase_band_30_std,9.13872824502764e-05
ch1_real_band_14_skew,9.135925010849102e-05
ch0_lfcc_12_skew,9.135196077419779e-05
ch1_lfcc_11_kurtosis,9.134802356496416e-05
ch0_mag_band_17_std,9.132206596191736e-05
ch1_lfcc_14_kurtosis,9.12014553161762e-05
ch0_mgd_band_19_kurtosis,9.11668258971853e-05
ch1_mgd_band_12_std,9.111502346792615e-05
ch1_imag_band_27_kurtosis,9.108907501197231e-05
ch0_mgd_band_20_kurtosis,9.0932467705448e-05
ch1_real_band_10_skew,9.08693989092242e-05
ch1_lfcc_17_kurtosis,9.079486341420656e-05
ch0_mag_band_12_skew,9.072243183058005e-05
ch1_lfcc_3_kurtosis,9.069523051175644e-05
ch0_imag_band_14_kurtosis,9.06951740229805e-05
ch0_lfcc_11_kurtosis,9.066310682525683e-05
ch0_imag_band_38_skew,9.063054881626589e-05
ch0_real_band_9_skew,9.05424726219872e-05
ch1_real_band_11_skew,9.046044229984857e-05
ch1_mgd_band_20_kurtosis,9.028675393364975e-05
ch0_mgd_band_23_mean,9.019850384779676e-05
ch1_lfcc_4_kurtosis,9.013603476656302e-05
ch0_mag_band_18_std,9.008301982265117e-05
ch1_mgd_band_17_kurtosis,9.007593565028157e-05
ch0_real_band_15_skew,9.003728361715173e-05
ch1_cqcc_4_kurtosis,8.991600770449297e-05
ch1_phase_band_30_std,8.988181977686419e-05
ch0_real_band_13_kurtosis,8.983228333511457e-05
ch0_cqcc_5_skew,8.979632979105576e-05
ch0_imag_band_17_std,8.977927753202043e-05
ch0_imag_band_13_skew,8.970572071391428e-05
ch0_imag_band_39_skew,8.962727968679777e-05
ch1_lfcc_13_mean,8.960192323597003e-05
ch0_cqcc_12_mean,8.959930767930408e-05
ch0_lfcc_5_skew,8.95521101261026e-05
ch1_mfcc_10_mean,8.951008765872066e-05
ch0_imag_band_12_skew,8.947758640881931e-05
ch0_imag_band_18_skew,8.931313563837738e-05
ch0_real_band_28_kurtosis,8.924015581693815e-05
ch0_lfcc_17_kurtosis,8.909447327338936e-05
ch1_mgd_band_22_mean,8.901112640906955e-05
ch0_mag_band_20_mean,8.89627665138881e-05
ch1_phase_band_38_skew,8.886190858169771e-05
ch0_real_band_14_kurtosis,8.871425434135365e-05
ch1_mag_band_31_mean,8.868209447278002e-05
ch0_lfcc_8_kurtosis,8.860696740144163e-05
ch1_mag_band_29_skew,8.841100936694013e-05
ch1_phase_band_20_skew,8.836129203059757e-05
ch1_mag_band_29_kurtosis,8.828748892745198e-05
ch1_imag_band_29_kurtosis,8.82866564475028e-05
ch0_imag_band_27_std,8.820076923870742e-05
ch0_real_band_6_mean,8.818903705052293e-05
ch0_phase_band_39_skew,8.817700683175174e-05
ch0_mfcc_19_kurtosis,8.808483648444812e-05
ch0_phase_band_28_kurtosis,8.807448710290141e-05
ch0_mgd_band_23_kurtosis,8.801763179791163e-05
ch1_mag_band_24_std,8.795141586232586e-05
ch0_cqcc_13_kurtosis,8.780355031842669e-05
ch1_imag_band_23_std,8.771802365595143e-05
ch0_mfcc_11_skew,8.767681350940821e-05
ch0_mgd_band_9_kurtosis,8.759347093474003e-05
ch0_lfcc_11_mean,8.741471961045816e-05
ch0_phase_band_35_std,8.74135428537666e-05
ch0_real_band_12_kurtosis,8.723367019952433e-05
ch1_real_band_6_kurtosis,8.71940783500982e-05
ch1_mfcc_13_std,8.713318753216016e-05
ch1_lfcc_4_skew,8.688914598702194e-05
ch0_imag_band_11_kurtosis,8.679885643313987e-05
ch1_mag_band_16_std,8.679235031812472e-05
ch1_lfcc_17_mean,8.666186495337745e-05
ch1_imag_band_16_skew,8.661379807534353e-05
ch0_mag_band_16_kurtosis,8.658255871340455e-05
ch0_imag_band_15_skew,8.650488864217612e-05
ch1_real_band_9_skew,8.646434282003986e-05
ch1_mgd_band_8_kurtosis,8.646347215872603e-05
ch0_mfcc_0_kurtosis,8.641002211101181e-05
ch0_imag_band_25_kurtosis,8.63531347124594e-05
ch0_real_band_11_skew,8.634783456152529e-05
ch1_lfcc_9_mean,8.628941004409304e-05
ch0_imag_band_21_skew,8.612123374309062e-05
ch0_cqcc_17_kurtosis,8.607696401694039e-05
ch1_phase_band_21_mean,8.599235464885524e-05
ch1_mfcc_14_skew,8.595896911749184e-05
ch0_mfcc_12_std,8.58947398392438e-05
ch0_mag_band_28_skew,8.586299529392762e-05
ch1_real_band_36_mean,8.579896616047939e-05
ch1_mgd_band_30_skew,8.576645474369335e-05
ch1_imag_band_4_kurtosis,8.567838283910229e-05
ch1_imag_band_20_skew,8.565825092376657e-05
ch0_imag_band_13_kurtosis,8.565556352781783e-05
ch0_real_band_19_skew,8.563526148945637e-05
ch0_cqcc_4_kurtosis,8.559857356275606e-05
ch0_phase_band_4_std,8.559530206761769e-05
ch1_mgd_band_13_std,8.54470535330547e-05
ch0_phase_band_24_skew,8.544230208642648e-05
ch0_mfcc_16_std,8.52611695956717e-05
ch0_real_band_24_skew,8.521489380503728e-05
ch1_mgd_band_35_skew,8.503811386075013e-05
ch0_lfcc_5_kurtosis,8.488985878665855e-05
ch0_real_band_21_skew,8.480883254005975e-05
ch0_phase_band_25_kurtosis,8.466573545769068e-05
ch1_mgd_band_34_kurtosis,8.460920686727822e-05
ch0_real_band_34_skew,8.460453630837109e-05
ch1_lfcc_15_std,8.452257261015791e-05
ch1_cqcc_18_skew,8.441213366110001e-05
ch0_imag_band_34_skew,8.435503987630774e-05
ch0_cqcc_15_kurtosis,8.428276435375042e-05
ch0_cqcc_3_skew,8.42190642502584e-05
ch1_mgd_band_9_kurtosis,8.415671470983228e-05
ch0_mfcc_6_kurtosis,8.411637703524816e-05
ch0_mfcc_9_mean,8.405638597854688e-05
ch1_mfcc_9_mean,8.397935255374476e-05
ch0_mag_band_25_mean,8.396467525021293e-05
ch1_mfcc_7_kurtosis,8.382874801085001e-05
ch0_mgd_band_6_skew,8.37755772670395e-05
ch1_mfcc_19_std,8.368704234932214e-05
ch0_phase_band_18_mean,8.360518590341615e-05
ch0_lfcc_16_mean,8.359839870339161e-05
ch1_cqcc_3_skew,8.358378771848621e-05
ch1_real_band_32_skew,8.351188828895123e-05
ch0_phase_band_27_skew,8.338020884390772e-05
ch1_mgd_band_37_skew,8.337495961872954e-05
ch1_mfcc_17_std,8.333613482120833e-05
ch0_mfcc_18_std,8.330947163134235e-05
ch1_mfcc_13_mean,8.328999966783569e-05
ch1_mag_band_27_mean,8.318508140665943e-05
ch0_real_band_16_skew,8.311188947622207e-05
ch1_mgd_band_34_skew,8.307634081288802e-05
ch0_imag_band_9_mean,8.302725253330666e-05
ch0_real_band_20_skew,8.294028695508636e-05
ch1_phase_band_18_std,8.287597570711868e-05
ch0_imag_band_4_skew,8.285734638850604e-05
ch0_imag_band_35_skew,8.282126249442803e-05
ch0_lfcc_14_kurtosis,8.280989172970982e-05
ch0_cqcc_9_kurtosis,8.26667741867784e-05
ch1_mfcc_4_skew,8.26584873645898e-05
ch0_phase_band_37_mean,8.260549155252541e-05
ch1_real_band_33_skew,8.2548359199004e-05
ch1_lfcc_14_mean,8.250055026390395e-05
ch1_phase_band_27_mean,8.240958951828498e-05
ch0_real_band_35_skew,8.240575443477971e-05
ch1_real_band_13_skew,8.228967995875335e-05
ch1_imag_band_37_skew,8.227144551199493e-05
ch1_imag_band_31_skew,8.211761949477503e-05
ch0_imag_band_33_skew,8.184906572559892e-05
ch1_cqcc_16_kurtosis,8.182345890207902e-05
ch0_lfcc_4_kurtosis,8.18153148021914e-05
ch0_imag_band_36_skew,8.175401981405409e-05
ch0_lfcc_10_kurtosis,8.174978644682665e-05
ch0_imag_band_4_kurtosis,8.169405578599593e-05
ch1_phase_band_33_std,8.169286536445414e-05
ch0_lfcc_16_kurtosis,8.163493531982909e-05
ch0_cqcc_16_skew,8.158974271644588e-05
ch1_real_band_20_skew,8.155402742507472e-05
ch1_imag_band_16_mean,8.151120350892178e-05
ch1_mfcc_18_skew,8.148480022328841e-05
ch0_mgd_band_20_std,8.136228169300757e-05
ch0_imag_band_23_skew,8.135641654952511e-05
ch0_imag_band_8_mean,8.119996839650238e-05
ch0_imag_band_17_mean,8.116113735295302e-05
ch1_mfcc_2_kurtosis,8.115193091460163e-05
ch0_cqcc_13_skew,8.101382382452752e-05
ch1_mgd_band_24_skew,8.090030011494631e-05
ch0_cqcc_14_skew,8.079009945513826e-05
ch0_real_band_30_mean,8.075327559764021e-05
ch1_real_band_26_kurtosis,8.059058526903757e-05
ch1_mgd_band_9_mean,8.054442701741148e-05
ch0_phase_band_11_skew,8.054233497487824e-05
ch1_cqcc_12_mean,8.039039721164172e-05
ch0_real_band_37_skew,8.038706053356003e-05
ch0_mag_band_8_skew,8.037684602342488e-05
ch1_real_band_29_skew,8.028971860008488e-05
ch0_real_band_25_skew,8.025374023187882e-05
ch0_phase_band_31_kurtosis,8.02262001003379e-05
ch1_real_band_17_skew,8.020027687288916e-05
ch0_mgd_band_30_skew,8.018843327552741e-05
ch1_phase_band_15_skew,8.014001226972971e-05
ch1_phase_band_25_kurtosis,8.012758219005556e-05
ch0_lfcc_15_std,8.010452189178972e-05
ch0_cqcc_18_mean,8.007899718373359e-05
ch1_mgd_band_10_std,8.006673772730295e-05
ch0_real_band_10_mean,8.004383725016867e-05
ch1_phase_band_15_kurtosis,7.999665200550126e-05
ch0_phase_band_29_kurtosis,7.997479037826303e-05
ch0_mfcc_10_skew,7.997048121927311e-05
ch0_real_band_19_std,7.996822683124627e-05
ch0_imag_band_18_mean,7.988406561371022e-05
ch0_real_band_36_skew,7.985040128976027e-05
ch1_mfcc_11_kurtosis,7.98123304434908e-05
ch1_real_band_36_skew,7.97949155529202e-05
ch1_cqcc_12_kurtosis,7.974738305558222e-05
ch1_phase_band_23_std,7.973003604410792e-05
ch1_imag_band_13_skew,7.96948998992365e-05
ch1_phase_band_23_mean,7.958667418239832e-05
ch1_lfcc_6_kurtosis,7.947844864806493e-05
ch1_imag_band_21_skew,7.944032479195132e-05
ch1_lfcc_12_skew,7.94333997818846e-05
ch0_cqcc_13_mean,7.941322337927834e-05
ch0_phase_band_4_kurtosis,7.938712787467213e-05
ch0_mfcc_7_kurtosis,7.938469493090615e-05
ch1_mgd_band_32_skew,7.93634171068639e-05
ch1_imag_band_25_kurtosis,7.926311792169504e-05
ch1_imag_band_17_mean,7.921141081644587e-05
ch1_real_band_23_skew,7.915352307229103e-05
ch0_real_band_9_mean,7.913759819555402e-05
ch1_lfcc_10_kurtosis,7.910402848858143e-05
ch0_mgd_band_27_skew,7.907359459389111e-05
ch0_mag_band_27_mean,7.89867755701116e-05
ch0_real_band_6_skew,7.886270764427402e-05
ch1_real_band_8_kurtosis,7.885002882902315e-05
ch1_mgd_band_10_skew,7.882818454680718e-05
ch0_real_band_14_skew,7.868664376061613e-05
ch0_real_band_27_skew,7.86322083022881e-05
ch0_mgd_band_12_skew,7.85711592730462e-05
ch0_mfcc_13_std,7.855735263691376e-05
ch1_mfcc_17_skew,7.853747595107144e-05
ch0_cqcc_17_mean,7.84806187106392e-05
ch0_lfcc_9_skew,7.847106277429664e-05
ch0_real_band_33_mean,7.844102877568612e-05
ch0_real_band_27_mean,7.843187230058307e-05
ch1_real_band_35_skew,7.839590830152267e-05
ch1_mfcc_14_std,7.839090202262116e-05
ch0_mfcc_4_skew,7.836776666351395e-05
ch1_mag_band_26_skew,7.83191342829903e-05
ch0_mgd_band_14_mean,7.831768620926269e-05
ch1_lfcc_10_skew,7.829751548760638e-05
ch0_imag_band_28_kurtosis,7.823402485812046e-05
ch0_imag_band_27_skew,7.819249632706641e-05
ch0_imag_band_6_kurtosis,7.817988856706899e-05
ch1_mfcc_7_mean,7.816760371196876e-05
ch1_mgd_band_31_kurtosis,7.815229797749299e-05
ch0_mfcc_17_kurtosis,7.809943500007974e-05
ch1_lfcc_9_skew,7.808944923570371e-05
ch0_lfcc_7_kurtosis,7.806024428707136e-05
ch0_real_band_39_mean,7.80602026911858e-05
ch0_mgd_band_13_std,7.800528130034952e-05
ch0_imag_band_10_skew,7.800488654615641e-05
ch1_phase_band_31_mean,7.793534526854197e-05
ch1_lfcc_8_kurtosis,7.79087574893378e-05
ch1_mfcc_9_std,7.787029330789259e-05
ch0_imag_band_31_mean,7.783091519954036e-05
ch1_mfcc_10_kurtosis,7.78262501144782e-05
ch1_real_band_38_skew,7.78184082095313e-05
ch1_cqcc_13_mean,7.78182910620656e-05
ch1_phase_band_27_kurtosis,7.779308922251861e-05
ch0_mgd_band_16_mean,7.770911080767584e-05
ch1_imag_band_24_skew,7.77011837550704e-05
ch1_cqcc_14_mean,7.769418392638505e-05
ch1_real_band_28_kurtosis,7.765643373739334e-05
ch1_imag_band_13_mean,7.764746198357453e-05
ch0_lfcc_6_kurtosis,7.760683169123253e-05
ch1_imag_band_34_skew,7.759011268764472e-05
ch1_imag_band_9_mean,7.755080447393288e-05
ch0_real_band_13_mean,7.745290829013222e-05
ch1_real_band_38_mean,7.744615150960578e-05
ch0_real_band_13_skew,7.74301564068421e-05
ch0_imag_band_9_skew,7.729789568696842e-05
ch1_cqcc_10_kurtosis,7.724144904280812e-05
ch0_real_band_12_skew,7.714799205021808e-05
ch0_cqcc_8_skew,7.702643397764466e-05
ch1_cqcc_5_skew,7.695508065850652e-05
ch1_mgd_band_8_mean,7.694318270810572e-05
ch1_real_band_23_std,7.692996663295479e-05
ch0_imag_band_29_skew,7.667064473457661e-05
ch0_lfcc_6_skew,7.662214603331376e-05
ch1_cqcc_16_skew,7.656516345639302e-05
ch1_cqcc_3_kurtosis,7.655342326085437e-05
ch1_mfcc_18_std,7.653746113409952e-05
ch0_phase_band_17_kurtosis,7.646701496644537e-05
ch0_phase_band_16_skew,7.639575850642679e-05
ch0_mgd_band_22_skew,7.638554582702688e-05
ch1_phase_band_4_std,7.634051069976159e-05
ch1_mgd_band_15_mean,7.62664151781687e-05
ch0_mfcc_18_skew,7.624679615179826e-05
ch1_imag_band_18_skew,7.620442778648589e-05
ch0_phase_band_23_kurtosis,7.614772695420552e-05
ch1_phase_band_17_mean,7.613625014333488e-05
ch1_phase_band_28_std,7.610049950735093e-05
ch0_real_band_14_mean,7.609901963326775e-05
ch0_mgd_band_34_skew,7.598481237577797e-05
ch0_mgd_band_32_skew,7.593558134866492e-05
ch0_mag_band_27_kurtosis,7.590883580626504e-05
ch1_cqcc_8_skew,7.590294345260885e-05
ch0_mfcc_4_kurtosis,7.588586132115026e-05
ch1_phase_band_36_skew,7.587256161285967e-05
ch0_phase_band_33_std,7.581769352914203e-05
ch1_cqcc_8_kurtosis,7.580428236537393e-05
ch0_mgd_band_15_skew,7.574783455207967e-05
ch0_phase_band_11_kurtosis,7.56954510343706e-05
ch0_cqcc_19_kurtosis,7.566909615687863e-05
ch1_cqcc_5_kurtosis,7.555792149232692e-05
ch1_cqcc_6_kurtosis,7.547771464664448e-05
ch0_imag_band_4_mean,7.544131609786828e-05
ch0_phase_band_35_skew,7.538154422215655e-05
ch1_lfcc_16_skew,7.534292196797082e-05
ch1_lfcc_12_mean,7.5329501364368e-05
ch1_mfcc_10_skew,7.530514570837646e-05
ch0_phase_band_22_mean,7.527334657797416e-05
ch0_phase_band_22_std,7.526817718896485e-05
ch0_mgd_band_13_mean,7.519548454490679e-05
ch0_imag_band_24_skew,7.519017777401846e-05
ch0_mfcc_10_kurtosis,7.504825539720949e-05
ch0_phase_band_28_mean,7.504652138734671e-05
ch1_cqcc_14_skew,7.49990064093158e-05
ch1_mgd_band_0_skew,7.495166785960889e-05
ch1_imag_band_8_skew,7.479739508251938e-05
ch0_phase_band_30_mean,7.477860205147512e-05
ch0_imag_band_0_mean,7.47489851819726e-05
ch0_mfcc_12_skew,7.473615345120005e-05
ch1_lfcc_19_kurtosis,7.471972258301751e-05
ch0_imag_band_25_skew,7.470105244283301e-05
ch0_mgd_band_35_skew,7.46534559638629e-05
ch0_cqcc_11_mean,7.463455405060125e-05
ch1_mgd_band_36_skew,7.460498869182396e-05
ch0_real_band_18_skew,7.451543672293103e-05
ch0_cqcc_15_skew,7.446598931701739e-05
ch1_phase_band_24_kurtosis,7.445521803233083e-05
ch0_phase_band_29_std,7.444163296161642e-05
ch0_mag_band_8_kurtosis,7.430012450151175e-05
ch0_phase_band_23_skew,7.426625589366884e-05
ch0_phase_band_31_mean,7.4241348659833e-05
ch1_mfcc_6_kurtosis,7.41497806016637e-05
ch1_phase_band_34_mean,7.411420574377347e-05
ch0_imag_band_24_mean,7.392264711889902e-05
ch1_mfcc_12_kurtosis,7.391100279115613e-05
ch0_imag_band_8_kurtosis,7.384611086173263e-05
ch0_mgd_band_18_skew,7.37629322575088e-05
ch0_real_band_4_mean,7.367721090206879e-05
ch1_mfcc_19_kurtosis,7.36741513979413e-05
ch0_imag_band_36_mean,7.366711246012042e-05
ch0_mfcc_8_skew,7.365854137691233e-05
ch1_imag_band_17_skew,7.362674370620331e-05
ch1_cqcc_18_kurtosis,7.362516885483261e-05
ch1_real_band_22_skew,7.358001114761412e-05
ch1_phase_band_25_skew,7.357751343122708e-05
ch1_phase_band_11_mean,7.353407602794978e-05
ch1_phase_band_20_std,7.351095182055833e-05
ch0_imag_band_19_skew,7.350749900233045e-05
ch1_imag_band_22_mean,7.344083379968433e-05
ch0_real_band_26_kurtosis,7.340271822513307e-05
ch1_mfcc_13_skew,7.332655043601755e-05
ch1_mgd_band_18_skew,7.329811990965816e-05
ch1_real_band_8_mean,7.326021492219411e-05
ch1_phase_band_14_skew,7.325767066878604e-05
ch0_phase_band_17_mean,7.32404472889792e-05
ch1_cqcc_15_kurtosis,7.298693623254762e-05
ch1_imag_band_23_skew,7.298693094079412e-05
ch1_mfcc_16_std,7.292991456579472e-05
ch0_real_band_6_kurtosis,7.292846195240567e-05
ch1_imag_band_8_mean,7.291911662577104e-05
ch0_phase_band_35_mean,7.270320039971798e-05
ch1_phase_band_30_mean,7.270236510601015e-05
ch0_cqcc_3_kurtosis,7.269598764158496e-05
ch1_phase_band_13_kurtosis,7.266662136838388e-05
ch1_real_band_12_mean,7.265571701455579e-05
ch1_imag_band_38_mean,7.260760673196928e-05
ch1_imag_band_36_skew,7.255522834955082e-05
ch1_phase_band_22_mean,7.24886241746314e-05
ch0_mgd_band_37_skew,7.246248510051076e-05
ch0_cqcc_7_kurtosis,7.242497898449705e-05
ch1_mgd_band_23_skew,7.242283970632337e-05
ch0_phase_band_37_skew,7.241890679379779e-05
ch1_mgd_band_6_skew,7.239077628404992e-05
ch0_mgd_band_26_skew,7.23864861663343e-05
ch1_real_band_26_skew,7.224632013935306e-05
ch0_lfcc_14_skew,7.218343435230092e-05
ch1_cqcc_7_skew,7.218007844266521e-05
ch0_mag_band_21_mean,7.21352855359435e-05
ch1_mag_band_28_kurtosis,7.21296084867543e-05
ch0_lfcc_17_std,7.211467276583395e-05
ch1_mgd_band_22_skew,7.208814395149946e-05
ch0_phase_band_35_kurtosis,7.202993282669554e-05
ch0_imag_band_32_skew,7.202586714658678e-05
ch0_phase_band_33_skew,7.195374926670346e-05
ch0_mag_band_28_kurtosis,7.189294978584651e-05
ch1_mgd_band_8_std,7.1885589537981e-05
ch1_mgd_band_4_kurtosis,7.185952537773931e-05
ch0_real_band_26_skew,7.182974277745907e-05
ch0_mgd_band_9_skew,7.174345241359321e-05
ch0_phase_band_20_skew,7.171408394751388e-05
ch1_imag_band_9_skew,7.168577584852932e-05
ch0_imag_band_22_skew,7.163095578300739e-05
ch0_imag_band_6_mean,7.163062476196832e-05
ch0_mgd_band_10_mean,7.158807940006841e-05
ch0_lfcc_19_skew,7.152154445079584e-05
ch0_imag_band_11_mean,7.149430114311511e-05
ch1_cqcc_11_skew,7.148407987173326e-05
ch0_phase_band_29_skew,7.146837806579647e-05
ch0_mfcc_19_std,7.146773563590356e-05
ch1_real_band_17_mean,7.146189322058444e-05
ch0_phase_band_24_std,7.14600062978632e-05
ch1_phase_band_18_skew,7.14243544717884e-05
ch0_mgd_band_8_mean,7.140981691774983e-05
ch1_real_band_31_skew,7.139989286205019e-05
ch0_phase_band_10_mean,7.139900845886914e-05
ch1_imag_band_11_skew,7.136049696812963e-05
ch0_mgd_band_0_skew,7.1233354601153e-05
ch1_real_band_4_mean,7.123117806433595e-05
ch0_phase_band_28_skew,7.114709654982035e-05
ch1_real_band_6_mean,7.113407637258215e-05
ch1_mag_band_11_skew,7.112032282604004e-05
ch1_lfcc_5_kurtosis,7.109226832696468e-05
ch1_mgd_band_16_mean,7.101839858007959e-05
ch1_real_band_28_skew,7.098166480573168e-05
ch0_mfcc_11_mean,7.094648549881183e-05
ch0_real_band_23_skew,7.092792318803855e-05
ch0_mgd_band_29_skew,7.082088035495838e-05
ch1_phase_band_11_std,7.07956732900248e-05
ch1_mfcc_11_mean,7.079308958612018e-05
ch0_mfcc_8_kurtosis,7.06575960281768e-05
ch0_cqcc_8_kurtosis,7.06129972574842e-05
ch0_imag_band_23_mean,7.057162851343794e-05
ch0_imag_band_38_mean,7.045804967695467e-05
ch0_phase_band_11_std,7.045275016955303e-05
ch1_imag_band_8_kurtosis,7.042816034053182e-05
ch0_cqcc_17_skew,7.042192300730027e-05
ch1_phase_band_26_skew,7.033794050639423e-05
ch0_imag_band_32_mean,7.031980419583268e-05
ch0_imag_band_14_skew,7.020113578448596e-05
ch0_real_band_24_mean,7.016095725741554e-05
ch0_real_band_26_mean,7.01522649406175e-05
ch0_phase_band_21_std,7.006676494368896e-05
ch1_mfcc_19_skew,7.005494752146952e-05
ch0_lfcc_10_skew,7.005035981375313e-05
ch0_mfcc_9_kurtosis,7.000390389200177e-05
ch1_lfcc_11_mean,6.998696137274872e-05
ch1_lfcc_14_skew,6.99772102310091e-05
ch0_imag_band_31_skew,6.993571325938546e-05
ch1_phase_band_25_std,6.993316818534751e-05
ch0_real_band_8_mean,6.9895141975728e-05
ch1_phase_band_15_std,6.986857509083811e-05
ch1_phase_band_16_kurtosis,6.984710198683995e-05
ch0_phase_band_24_mean,6.976988001871959e-05
ch0_imag_band_37_skew,6.976401491228285e-05
ch1_imag_band_32_skew,6.975972734976867e-05
ch0_phase_band_22_skew,6.974527576103089e-05
ch1_imag_band_27_skew,6.97326249720208e-05
ch1_mgd_band_11_skew,6.972407676543724e-05
ch1_lfcc_18_kurtosis,6.971350410899999e-05
ch0_imag_band_20_skew,6.971301927274589e-05
ch1_lfcc_17_skew,6.97054618291431e-05
ch1_phase_band_17_std,6.970178163290092e-05
ch1_imag_band_11_mean,6.97008884598661e-05
ch0_mfcc_15_skew,6.969756970254685e-05
ch1_real_band_12_skew,6.966150519079464e-05
ch1_real_band_10_mean,6.965694199023214e-05
ch0_imag_band_20_mean,6.961557503906788e-05
ch1_phase_band_19_kurtosis,6.961031884160311e-05
ch1_mgd_band_26_skew,6.960806440559098e-05
ch1_phase_band_29_skew,6.958333421418855e-05
ch1_phase_band_21_skew,6.956790570915379e-05
ch0_cqcc_6_skew,6.954486597117118e-05
ch1_real_band_8_skew,6.951921062110935e-05
ch0_mgd_band_28_skew,6.944875728519338e-05
ch1_imag_band_35_skew,6.940309023397925e-05
ch1_mgd_band_9_skew,6.940132334504953e-05
ch1_phase_band_35_mean,6.93950344257352e-05
ch0_lfcc_7_skew,6.939039252305148e-05
ch0_phase_band_14_skew,6.936118670701884e-05
ch1_mfcc_14_kurtosis,6.93546651709765e-05
ch1_real_band_19_mean,6.935437610535992e-05
ch1_phase_band_24_skew,6.93138649158409e-05
ch0_real_band_18_mean,6.929305831750357e-05
ch0_phase_band_13_std,6.926258567313023e-05
ch0_real_band_35_mean,6.910679588016301e-05
ch1_mgd_band_16_skew,6.910387182933421e-05
ch1_imag_band_25_skew,6.905593402307586e-05
ch1_lfcc_19_std,6.904164182324373e-05
ch1_real_band_30_skew,6.899102708481291e-05
ch0_phase_band_12_mean,6.888288851825388e-05
ch1_phase_band_32_mean,6.885391986460064e-05
ch0_phase_band_11_mean,6.881769289395813e-05
ch0_imag_band_21_mean,6.878134902045634e-05
ch0_phase_band_12_std,6.875194005868646e-05
ch0_mgd_band_31_skew,6.868947938421367e-05
ch0_real_band_12_mean,6.868482582810983e-05
ch1_phase_band_26_std,6.867681259570979e-05
ch1_lfcc_7_skew,6.866044053565533e-05
ch0_phase_band_6_mean,6.865600722133e-05
ch1_real_band_33_mean,6.862499196478215e-05
ch1_phase_band_18_mean,6.857444023810714e-05
ch1_phase_band_10_skew,6.857347318960447e-05
ch0_real_band_17_skew,6.856368078836665e-05
ch0_imag_band_22_mean,6.853748228251041e-05
ch1_phase_band_26_kurtosis,6.840460887761196e-05
ch0_imag_band_10_mean,6.836710132768132e-05
ch1_real_band_16_mean,6.836341096407329e-05
ch1_phase_band_10_mean,6.828332319022122e-05
ch0_imag_band_8_skew,6.826634498718274e-05
ch0_phase_band_26_std,6.823903415191736e-05
ch0_real_band_19_mean,6.821745444378686e-05
ch1_phase_band_9_kurtosis,6.817318506695101e-05
ch1_mgd_band_13_skew,6.815866580142034e-05
ch0_phase_band_19_std,6.815530913798619e-05
ch0_real_band_32_mean,6.814871921001645e-05
ch0_phase_band_24_kurtosis,6.810713146311721e-05
ch1_phase_band_13_std,6.802214806744426e-05
ch1_mag_band_27_kurtosis,6.799919714428303e-05
ch0_real_band_31_skew,6.793213569959513e-05
ch1_lfcc_8_skew,6.791051614326194e-05
ch1_phase_band_17_kurtosis,6.786800509879063e-05
ch1_imag_band_0_mean,6.786782885960533e-05
ch0_imag_band_26_mean,6.784224325525503e-05
ch0_phase_band_18_std,6.783865028966566e-05
ch1_real_band_16_skew,6.781612432403252e-05
ch1_phase_band_24_mean,6.78130694133304e-05
ch0_mgd_band_9_std,6.778640005209959e-05
ch0_phase_band_19_kurtosis,6.767721111852684e-05
ch0_cqcc_12_skew,6.76767385358929e-05
ch0_lfcc_15_kurtosis,6.766838604635315e-05
ch1_mgd_band_29_skew,6.76653402512175e-05
ch0_phase_band_27_kurtosis,6.760339958474874e-05
ch1_lfcc_6_skew,6.758923502448197e-05
ch1_imag_band_33_skew,6.757119436034437e-05
ch1_cqcc_11_mean,6.756959875524415e-05
ch1_phase_band_25_mean,6.756058639337065e-05
ch0_cqcc_7_skew,6.752691548774176e-05
ch1_mag_band_26_kurtosis,6.745338336030363e-05
ch0_cqcc_10_kurtosis,6.739331442099969e-05
ch0_mgd_band_19_skew,6.737668809335869e-05
ch1_cqcc_9_kurtosis,6.736794670629983e-05
ch0_phase_band_30_skew,6.732459270693005e-05
ch1_imag_band_6_skew,6.731999073930095e-05
ch1_phase_band_22_std,6.728395614489247e-05
ch0_phase_band_26_kurtosis,6.727426234681192e-05
ch0_lfcc_17_mean,6.7243121761579e-05
ch1_imag_band_36_mean,6.71382886991084e-05
ch1_phase_band_27_std,6.702985251118983e-05
ch0_lfcc_16_std,6.700867840291196e-05
ch1_lfcc_16_kurtosis,6.699397552298607e-05
ch1_mgd_band_25_skew,6.697545664450949e-05
ch1_mfcc_15_kurtosis,6.695752313698735e-05
ch0_mfcc_11_kurtosis,6.695205683900787e-05
ch0_phase_band_23_std,6.687642377447297e-05
ch1_mgd_band_31_skew,6.682778359809435e-05
ch0_imag_band_27_mean,6.676690415688913e-05
ch0_real_band_38_skew,6.6752778754917e-05
ch1_real_band_18_mean,6.673847611607721e-05
ch1_phase_band_4_mean,6.664064150360005e-05
ch1_imag_band_10_mean,6.661996812213569e-05
ch1_mag_band_8_skew,6.660977053314464e-05
ch1_phase_band_39_skew,6.660827437190471e-05
ch0_phase_band_8_mean,6.658149937921915e-05
ch0_cqcc_11_skew,6.65205920628556e-05
ch1_lfcc_17_std,6.648098434432734e-05
ch0_imag_band_26_skew,6.647362433080721e-05
ch0_mfcc_13_skew,6.642038005637938e-05
ch0_phase_band_20_kurtosis,6.641543414864804e-05
ch0_mag_band_6_skew,6.631779451624882e-05
ch1_imag_band_30_skew,6.630407282121443e-05
ch1_phase_band_12_mean,6.626976079854772e-05
ch0_cqcc_6_kurtosis,6.620892200154591e-05
ch0_mgd_band_33_skew,6.616101167342353e-05
ch1_real_band_21_skew,6.614204195343875e-05
ch1_phase_band_24_std,6.605552590687252e-05
ch0_mgd_band_25_skew,6.600562822704519e-05
ch1_mfcc_8_kurtosis,6.600165237059649e-05
ch1_mgd_band_21_skew,6.596955705633259e-05
ch1_cqcc_7_kurtosis,6.59641650511778e-05
ch0_mgd_band_15_mean,6.590910416034414e-05
ch0_mfcc_14_kurtosis,6.580686314056893e-05
ch0_phase_band_19_mean,6.577773622806653e-05
ch0_mfcc_12_kurtosis,6.57617965305514e-05
ch1_imag_band_20_mean,6.570858778771725e-05
ch0_imag_band_30_mean,6.567687344930949e-05
ch0_phase_band_27_mean,6.562947854919287e-05
ch0_imag_band_15_mean,6.56269888091949e-05
ch1_phase_band_19_mean,6.560372042271984e-05
ch1_phase_band_26_mean,6.554911921135519e-05
ch0_phase_band_28_std,6.55252188795402e-05
ch1_phase_band_23_skew,6.5522285128063e-05
ch1_imag_band_32_mean,6.551656654529886e-05
ch0_real_band_32_skew,6.549845846370414e-05
ch0_imag_band_12_mean,6.547260077798335e-05
ch1_mgd_band_27_skew,6.54626390016687e-05
ch1_mfcc_4_kurtosis,6.544812512868197e-05
ch0_phase_band_38_skew,6.541636281878115e-05
ch1_real_band_34_skew,6.53760317056243e-05
ch0_phase_band_13_skew,6.535009237824395e-05
ch0_phase_band_17_std,6.533919462823493e-05
ch0_phase_band_10_skew,6.531387383751326e-05
ch1_real_band_13_mean,6.527492044143684e-05
ch0_mfcc_19_skew,6.524771928595867e-05
ch1_phase_band_33_skew,6.520270674860197e-05
ch1_mgd_band_28_skew,6.515895342680618e-05
ch0_imag_band_14_mean,6.514667828337459e-05
ch0_mgd_band_8_skew,6.509496618228316e-05
ch0_phase_band_9_std,6.508601906387286e-05
ch1_cqcc_17_skew,6.507477250426458e-05
ch0_lfcc_19_std,6.500264292449916e-05
ch0_phase_band_8_skew,6.498847702976997e-05
ch1_real_band_24_skew,6.497263107226549e-05
ch0_imag_band_26_kurtosis,6.495344775523163e-05
ch1_real_band_25_kurtosis,6.492652472308608e-05
ch0_mfcc_18_kurtosis,6.490914207704251e-05
ch1_real_band_25_skew,6.48969061110164e-05
ch0_imag_band_35_mean,6.484649839767088e-05
ch1_lfcc_7_kurtosis,6.471451606238341e-05
ch1_phase_band_33_mean,6.468898401076098e-05
ch0_phase_band_18_skew,6.463281809268217e-05
ch1_mfcc_16_kurtosis,6.457650018858418e-05
ch1_phase_band_31_std,6.44534975643141e-05
ch1_imag_band_19_mean,6.441612849859463e-05
ch0_real_band_29_skew,6.441601003808605e-05
ch1_cqcc_19_skew,6.440612142173029e-05
ch0_imag_band_16_mean,6.43724842009294e-05
ch0_mag_band_26_kurtosis,6.429761854468499e-05
ch0_imag_band_28_skew,6.427569538797029e-05
ch0_phase_band_9_mean,6.42666965925744e-05
ch1_imag_band_28_skew,6.424140120625669e-05
ch1_mfcc_12_skew,6.422352356305122e-05
ch1_mgd_band_12_mean,6.419065398206087e-05
ch1_mag_band_6_skew,6.416596827015762e-05
ch1_imag_band_33_mean,6.413325550028722e-05
ch1_phase_band_16_mean,6.411459999186204e-05
ch1_real_band_20_mean,6.41035739543248e-05
ch1_real_band_19_skew,6.407525166275215e-05
ch1_real_band_27_kurtosis,6.403137389424846e-05
ch0_phase_band_15_std,6.400147055284337e-05
ch1_real_band_14_mean,6.398571995859122e-05
ch1_real_band_32_mean,6.393154179633842e-05
ch0_real_band_23_mean,6.388755797858835e-05
ch1_phase_band_10_std,6.386709877618584e-05
ch0_phase_band_25_skew,6.385763424277689e-05
ch1_phase_band_8_skew,6.374602012676009e-05
ch1_imag_band_21_mean,6.371137620622267e-05
ch1_real_band_24_mean,6.365480241086453e-05
ch1_mgd_band_4_skew,6.354531364760836e-05
ch1_mfcc_13_kurtosis,6.354019582707902e-05
ch1_imag_band_39_mean,6.353790944991236e-05
ch1_phase_band_37_skew,6.348984246817513e-05
ch1_mgd_band_13_mean,6.34577614333144e-05
ch1_imag_band_23_mean,6.342867239141809e-05
ch0_cqcc_9_skew,6.341792845805647e-05
ch1_real_band_35_mean,6.335394044868007e-05
ch0_phase_band_12_kurtosis,6.332037946012696e-05
ch1_imag_band_22_skew,6.329786334753913e-05
ch1_phase_band_20_mean,6.329116441102242e-05
ch1_real_band_15_skew,6.322570572316016e-05
ch1_phase_band_34_skew,6.321070122139216e-05
ch0_mfcc_15_kurtosis,6.319172725477168e-05
ch1_real_band_4_skew,6.318396889968792e-05
ch1_imag_band_15_skew,6.317653567778915e-05
ch1_real_band_11_mean,6.316356246556553e-05
ch0_imag_band_11_skew,6.312882976766347e-05
ch1_real_band_22_mean,6.297119076988488e-05
ch1_phase_band_15_mean,6.294960814244361e-05
ch0_imag_band_16_skew,6.289133116655694e-05
ch1_imag_band_26_mean,6.286215719895506e-05
ch1_phase_band_21_kurtosis,6.275022150383572e-05
ch0_mgd_band_9_mean,6.271851228180925e-05
ch1_imag_band_6_mean,6.270966770647389e-05
ch0_phase_band_27_std,6.264989759172771e-05
ch1_mag_band_6_kurtosis,6.264396133651707e-05
ch0_phase_band_13_kurtosis,6.25490580103774e-05
ch1_phase_band_14_std,6.254196639665413e-05
ch0_phase_band_25_mean,6.252115843523174e-05
ch0_real_band_31_mean,6.248535756277175e-05
ch0_phase_band_23_mean,6.248217402629933e-05
ch0_imag_band_19_mean,6.241572196110276e-05
ch0_cqcc_5_kurtosis,6.225086593293013e-05
ch1_mfcc_16_skew,6.224923966771319e-05
ch1_phase_band_8_kurtosis,6.22105482054167e-05
ch1_real_band_9_mean,6.211426937916921e-05
ch1_phase_band_10_kurtosis,6.203020220711893e-05
ch0_phase_band_21_mean,6.198429348104639e-05
ch0_imag_band_27_kurtosis,6.19737187163864e-05
ch1_phase_band_21_std,6.193151480930096e-05
ch1_phase_band_37_mean,6.180744248652274e-05
ch0_imag_band_6_skew,6.167802137991252e-05
ch0_real_band_22_mean,6.161885277994255e-05
ch0_lfcc_18_mean,6.161807736490698e-05
ch1_phase_band_32_kurtosis,6.16176052125708e-05
ch1_lfcc_19_skew,6.153526695752416e-05
ch1_lfcc_16_std,6.150453233604275e-05
ch0_phase_band_9_kurtosis,6.148429771895787e-05
ch0_imag_band_28_mean,6.148093644405976e-05
ch0_imag_band_30_skew,6.144830955621592e-05
ch0_real_band_8_skew,6.141336439382318e-05
ch1_phase_band_19_skew,6.130329895679891e-05
ch1_phase_band_6_mean,6.129323121492776e-05
ch1_phase_band_17_skew,6.119732850380291e-05
ch0_phase_band_32_mean,6.11535533793365e-05
ch0_phase_band_10_std,6.114974200055206e-05
ch1_phase_band_28_kurtosis,6.113558251462233e-05
ch1_phase_band_30_skew,6.1019579089111265e-05
ch0_phase_band_4_skew,6.1006054700887474e-05
ch1_phase_band_9_std,6.0935505876584456e-05
ch0_cqcc_18_skew,6.081815632574126e-05
ch1_phase_band_28_skew,6.080428448204663e-05
ch0_phase_band_29_mean,6.0719869370646334e-05
ch1_imag_band_27_mean,6.068972106432779e-05
ch1_phase_band_35_skew,6.0604213284283184e-05
ch1_mgd_band_10_mean,6.057373458937431e-05
ch0_real_band_11_mean,6.057132698258686e-05
ch0_phase_band_14_std,6.052376686127547e-05
ch0_mfcc_10_std,6.0488651501372315e-05
ch1_cqcc_13_skew,6.0483174255830946e-05
ch0_mgd_band_11_skew,6.047777903489636e-05
ch1_mgd_band_19_skew,6.042924638024575e-05
ch0_imag_band_39_mean,6.035067328792074e-05
ch0_mfcc_16_skew,6.0250525060625946e-05
ch0_mgd_band_22_mean,6.019771749638928e-05
ch1_phase_band_9_mean,6.015582163241392e-05
ch0_phase_band_34_mean,6.0127638527181774e-05
ch0_phase_band_19_skew,6.0094977976346544e-05
ch0_phase_band_26_skew,6.009364346244703e-05
ch1_phase_band_31_skew,6.002462036182005e-05
ch0_lfcc_16_skew,6.0021092841403355e-05
ch1_phase_band_18_kurtosis,5.998838170745291e-05
ch1_imag_band_26_kurtosis,5.996565173117993e-05
ch1_cqcc_12_skew,5.9951459186521945e-05
ch1_mgd_band_15_skew,5.994501676758993e-05
ch1_real_band_18_skew,5.9892702327870925e-05
ch1_lfcc_16_mean,5.982040111669416e-05
ch0_lfcc_17_skew,5.98135360925221e-05
ch0_phase_band_13_mean,5.9791046419227075e-05
ch1_imag_band_15_mean,5.9769852949228543e-05
ch1_phase_band_28_mean,5.975525359052585e-05
ch1_mag_band_27_skew,5.969800077993471e-05
ch0_phase_band_15_mean,5.9645773356022466e-05
ch1_imag_band_12_skew,5.954951887552105e-05
ch1_phase_band_12_skew,5.947140962121888e-05
ch0_real_band_28_mean,5.9416179020334366e-05
ch0_phase_band_31_skew,5.9334187679384523e-05
ch1_cqcc_15_skew,5.9304099123767334e-05
ch0_phase_band_25_std,5.923249716329894e-05
ch1_phase_band_14_kurtosis,5.921813475823255e-05
ch1_cqcc_9_skew,5.9140635775707416e-05
ch1_phase_band_14_mean,5.91145928393315e-05
ch0_mfcc_13_kurtosis,5.909223838722526e-05
ch1_phase_band_36_mean,5.903185056287681e-05
ch0_real_band_28_skew,5.8919044530580886e-05
ch1_phase_band_16_std,5.888304761182126e-05
ch0_mgd_band_4_skew,5.877346068638366e-05
ch1_real_band_28_mean,5.876563027047324e-05
ch0_real_band_16_mean,5.875211487634026e-05
ch0_real_band_30_skew,5.87212575344347e-05
ch0_imag_band_25_mean,5.869044607076465e-05
ch0_real_band_8_kurtosis,5.868155928267914e-05
ch1_imag_band_35_mean,5.8637832272540397e-05
ch0_real_band_4_skew,5.860570885931532e-05
ch1_mgd_band_17_skew,5.856079414296422e-05
ch1_mgd_band_14_mean,5.853482121378055e-05
ch1_cqcc_6_skew,5.850041421150659e-05
ch1_imag_band_4_skew,5.8499905873299506e-05
ch1_real_band_15_mean,5.841466046955691e-05
ch1_imag_band_29_skew,5.832029717366771e-05
ch0_phase_band_34_skew,5.827963089758401e-05
ch0_mgd_band_20_skew,5.81871194922739e-05
ch1_phase_band_23_kurtosis,5.8175532641907026e-05
ch1_phase_band_6_std,5.8126301689419214e-05
ch0_mfcc_17_skew,5.8109105804429436e-05
ch0_real_band_20_mean,5.808943733867263e-05
ch1_imag_band_19_skew,5.7929963418420054e-05
ch0_phase_band_6_skew,5.7926859106489725e-05
ch0_mgd_band_21_skew,5.788157192315867e-05
ch1_mgd_band_20_skew,5.780050553512224e-05
ch0_mgd_band_24_skew,5.772415211825807e-05
ch1_phase_band_19_std,5.765359801560174e-05
ch0_phase_band_15_skew,5.7597093678831034e-05
ch0_phase_band_36_skew,5.758990209312927e-05
ch0_mfcc_14_skew,5.75754381200322e-05
ch1_phase_band_4_skew,5.751131892686498e-05
ch0_mgd_band_11_mean,5.7450742004429356e-05
ch1_real_band_23_mean,5.738836799331242e-05
ch0_imag_band_17_skew,5.73411621639427e-05
ch1_phase_band_11_kurtosis,5.7277323181806316e-05
ch0_mgd_band_14_skew,5.710110826658982e-05
ch1_mfcc_18_kurtosis,5.70533714475957e-05
ch1_real_band_39_mean,5.697309380414556e-05
ch1_imag_band_18_mean,5.691035613816879e-05
ch0_mgd_band_23_skew,5.687665973317806e-05
ch1_imag_band_12_mean,5.6846158061140386e-05
ch1_imag_band_6_kurtosis,5.684080879565436e-05
ch1_imag_band_38_skew,5.680465922266892e-05
ch1_mfcc_17_kurtosis,5.673748050596934e-05
ch1_phase_band_13_skew,5.6707087974366566e-05
ch0_cqcc_10_skew,5.652618990406005e-05
ch1_imag_band_14_mean,5.643223739049728e-05
ch0_phase_band_14_kurtosis,5.640575528684579e-05
ch0_phase_band_18_kurtosis,5.640188353989982e-05
ch0_phase_band_15_kurtosis,5.634002272690606e-05
ch1_real_band_26_mean,5.631186264594666e-05
ch0_phase_band_32_skew,5.6281619891542474e-05
ch0_mgd_band_16_skew,5.626674749248384e-05
ch0_mgd_band_12_mean,5.6219398098473455e-05
ch1_imag_band_25_mean,5.611684446874803e-05
ch1_phase_band_8_mean,5.602670187484731e-05
ch1_cqcc_10_skew,5.5997134590290186e-05
ch0_imag_band_34_mean,5.586537703210284e-05
ch0_phase_band_17_skew,5.574049974210638e-05
ch1_phase_band_11_skew,5.572752700292594e-05
ch1_imag_band_26_skew,5.568267722138952e-05
ch1_phase_band_13_mean,5.5648972808419506e-05
ch1_cqcc_18_mean,5.5552102300441263e-05
ch1_mgd_band_11_mean,5.555077459718399e-05
ch1_lfcc_15_kurtosis,5.554756307962103e-05
ch1_mgd_band_14_skew,5.544771981429341e-05
ch0_real_band_36_mean,5.543982572210292e-05
ch0_imag_band_13_mean,5.5308535987073524e-05
ch1_imag_band_24_mean,5.525558428273994e-05
ch1_mgd_band_12_skew,5.524409386556121e-05
ch1_phase_band_32_skew,5.509383838899172e-05
ch0_mgd_band_10_skew,5.501575354150962e-05
ch1_imag_band_31_mean,5.501337819461463e-05
ch1_phase_band_4_kurtosis,5.498381366238526e-05
ch1_phase_band_9_skew,5.4856944146174956e-05
ch1_real_band_37_skew,5.4700427338492265e-05
ch0_mag_band_26_skew,5.457180365673225e-05
ch0_phase_band_8_std,5.4495295591382994e-05
ch0_real_band_29_mean,5.447722158041718e-05
ch1_real_band_21_mean,5.43636257931849e-05
ch0_real_band_25_mean,5.4353729138442196e-05
ch0_phase_band_22_kurtosis,5.427697502851816e-05
ch0_phase_band_33_mean,5.4275729104997966e-05
ch0_phase_band_6_std,5.426904539512928e-05
ch0_phase_band_14_mean,5.420677350384784e-05
ch0_real_band_21_mean,5.408799961208976e-05
ch1_real_band_6_skew,5.391684620511013e-05
ch0_phase_band_20_std,5.3770487546304186e-05
ch1_phase_band_16_skew,5.372077568453651e-05
ch1_mgd_band_8_skew,5.370557317055859e-05
ch0_real_band_15_mean,5.3481171612631764e-05
ch1_phase_band_12_kurtosis,5.343816587117549e-05
ch1_phase_band_22_skew,5.34243002979263e-05
ch1_lfcc_18_mean,5.334862540252509e-05
ch1_lfcc_15_skew,5.3325027118441636e-05
ch1_real_band_27_mean,5.3252572147285744e-05
ch0_real_band_22_skew,5.306482006973759e-05
ch1_phase_band_27_skew,5.3063590764055415e-05
ch1_lfcc_18_skew,5.278210974217311e-05
ch1_phase_band_22_kurtosis,5.277201546058702e-05
ch0_phase_band_12_skew,5.274209044895392e-05
ch0_mgd_band_17_skew,5.2596463378765225e-05
ch1_imag_band_28_mean,5.251173521647441e-05
ch0_phase_band_8_kurtosis,5.246571785916592e-05
ch0_phase_band_4_mean,5.244123137827515e-05
ch0_mag_band_26_mean,5.238333017905229e-05
ch1_real_band_25_mean,5.236339209686474e-05
ch0_imag_band_29_mean,5.209809866327981e-05
ch1_phase_band_6_skew,5.2028108434392254e-05
ch0_phase_band_10_kurtosis,5.188094901683227e-05
ch1_imag_band_30_mean,5.1653843468170635e-05
ch1_phase_band_8_std,5.161639620058509e-05
ch1_real_band_30_mean,5.1507357934382525e-05
ch0_mag_band_6_kurtosis,5.146035346471757e-05
ch0_mfcc_16_kurtosis,5.145423354709044e-05
ch0_phase_band_9_skew,5.141444367993654e-05
ch0_cqcc_19_skew,5.1166442889452005e-05
ch1_phase_band_6_kurtosis,5.0438226407078294e-05
ch0_mgd_band_13_skew,5.011233786136231e-05
ch0_phase_band_16_kurtosis,5.00133199116967e-05
ch0_phase_band_21_skew,4.999263439898263e-05
ch0_phase_band_26_mean,4.972677727935637e-05
ch0_real_band_34_mean,4.93928068080959e-05
ch1_real_band_31_mean,4.927210921737012e-05
ch0_phase_band_16_mean,4.853796339428986e-05
ch0_mag_band_27_skew,4.8233136202856885e-05
ch0_phase_band_6_kurtosis,4.756963631013838e-05
ch1_phase_band_12_std,4.731140249529565e-05
ch1_mfcc_15_skew,4.7029482062026324e-05
ch1_real_band_27_skew,4.6062699719506614e-05
ch0_phase_band_21_kurtosis,4.602715183214749e-05
ch0_phase_band_20_mean,4.528740526871368e-05
ch1_real_band_29_mean,4.4974161449179844e-05
ch0_lfcc_18_skew,4.4313781412018175e-05
ch0_phase_band_16_std,4.401911134988067e-05
ch1_imag_band_34_mean,3.90660167532346e-05
ch0_real_band_27_kurtosis,3.8620065613334616e-05
ch1_imag_band_29_mean,3.667354868965994e-05
ch1_real_band_34_mean,3.583272242780464e-05
ch0_imag_band_37_mean,2.553163823134909e-05
ch1_imag_band_37_mean,2.5079607707212672e-05
ch1_real_band_37_mean,1.8405288671940424e-05
ch0_real_band_37_mean,1.4483154737724724e-05
